"Time","Angle, Ch 1+2 (rad) Run #25","Angle, Ch 3+4 (rad) Run #25","Angle, Ch 1+2 (rad) Run #26","Angle, Ch 3+4 (rad) Run #26","Angle, Ch 1+2 (rad) Run #27","Angle, Ch 3+4 (rad) Run #27","mean_Ch1_Ch2","sd_Ch1_Ch2","mean_Ch3_Ch4","sd_Ch3_Ch4"
0,-0.14,-0.192,0,-0.244,0.035,0.279,-0.035,0.0926012958872607,-0.0523333333333333,0.288118609835139
0.05,-0.297,-0.349,0,-0.506,0.105,0.559,-0.064,0.208501798553394,-0.0986666666666666,0.574940286754488
0.1,-0.489,-0.471,-0.035,-0.768,0.175,0.838,-0.116333333333333,0.33938964824127,-0.133666666666667,0.854490686510586
0.15,-0.698,-0.541,-0.07,-1.047,0.279,1.1,-0.163,0.495094940390225,-0.162666666666667,1.12238778206702
0.2,-0.908,-0.559,-0.14,-1.292,0.384,1.326,-0.221333333333333,0.64982869537543,-0.175,1.35058246693788
0.25,-1.117,-0.541,-0.227,-1.536,0.506,1.501,-0.279333333333333,0.812764623573968,-0.192,1.54828711807597
0.3,-1.326,-0.454,-0.332,-1.745,0.663,1.623,-0.331666666666667,0.9945000418971,-0.192,1.69921717270042
0.35,-1.501,-0.332,-0.454,-1.92,0.82,1.693,-0.378333333333333,1.16234862813759,-0.186333333333333,1.81089931617783
0.4,-1.641,-0.175,-0.593,-2.042,0.977,1.676,-0.419,1.31764486869566,-0.180333333333333,1.85900573784304
0.45,-1.71,0.035,-0.75,-2.147,1.152,1.606,-0.436,1.45660838937581,-0.168666666666667,1.88477116206009
0.5,-1.745,0.262,-0.908,-2.182,1.309,1.466,-0.448,1.57810931180321,-0.151333333333333,1.85879243955137
0.55,-1.693,0.541,-1.082,-2.182,1.449,1.292,-0.442,1.66590545950243,-0.116333333333333,1.8279043556306
0.6,-1.606,0.82,-1.239,-2.129,1.571,1.047,-0.424666666666667,1.73801217870685,-0.0873333333333334,1.77177434605351
0.65,-1.449,1.1,-1.396,-2.025,1.658,0.803,-0.395666666666667,1.77872491783674,-0.0406666666666666,1.7248873393162
0.7,-1.239,1.361,-1.518,-1.885,1.676,0.541,-0.360333333333333,1.76902524949005,0.00566666666666667,1.68791745453779
0.75,-0.96,1.623,-1.606,-1.693,1.658,0.262,-0.302666666666667,1.72843551610505,0.064,1.66684342396039
0.8,-0.663,1.833,-1.641,-1.466,1.571,0,-0.244333333333333,1.64641954960858,0.122333333333333,1.65289876681342
0.85,-0.314,1.99,-1.641,-1.222,1.449,-0.244,-0.168666666666667,1.55011816753863,0.174666666666667,1.64641954960858
0.9,0.052,2.077,-1.571,-0.96,1.257,-0.454,-0.0873333333333333,1.4191392931398,0.221,1.62713275426438
0.95,0.419,2.112,-1.449,-0.663,1.03,-0.646,-1.84675770046698e-17,1.29152274467003,0.267666666666667,1.59726213669934
1,0.768,2.059,-1.292,-0.384,0.75,-0.785,0.0753333333333333,1.1841796034949,0.296666666666667,1.53933892737543
1.05,1.1,1.955,-1.082,-0.14,0.454,-0.89,0.157333333333333,1.1208431350253,0.308333333333333,1.4745366503866
1.1,1.379,1.798,-0.82,0.105,0.122,-0.942,0.227,1.10325382392267,0.320333333333333,1.38263383921172
1.15,1.606,1.571,-0.524,0.279,-0.192,-0.96,0.296666666666667,1.1460023269319,0.296666666666667,1.26559248312138
1.2,1.745,1.326,-0.209,0.419,-0.524,-0.925,0.337333333333333,1.22920719707189,0.273333333333333,1.13254771790567
1.25,1.78,1.065,0.122,0.471,-0.803,-0.838,0.366333333333333,1.30871934857453,0.232666666666667,0.973629464084429
1.3,1.728,0.785,0.454,0.471,-1.047,-0.716,0.378333333333333,1.38904655549529,0.18,0.791682385808855
1.35,1.571,0.506,0.768,0.401,-1.257,-0.559,0.360666666666667,1.45733878468026,0.116,0.586919926395416
1.4,1.326,0.262,1.065,0.279,-1.361,-0.349,0.343333333333333,1.48175380321204,0.064,0.357769478854751
1.45,0.995,0.017,1.292,0.087,-1.396,-0.122,0.297,1.47368212311882,-0.006,0.106381389349829
1.5,0.593,-0.175,1.466,-0.14,-1.344,0.14,0.238333333333333,1.43818160652031,-0.0583333333333333,0.172650900181069
1.55,0.122,-0.332,1.553,-0.384,-1.204,0.419,0.157,1.37883320238526,-0.099,0.44935398073234
1.6,-0.384,-0.454,1.536,-0.646,-0.977,0.698,0.0583333333333333,1.31359671639866,-0.134,0.726900268262435
1.65,-0.925,-0.541,1.449,-0.908,-0.681,0.96,-0.0523333333333333,1.30590402914354,-0.163,0.989706522156947
1.7,-1.449,-0.559,1.257,-1.169,-0.332,1.204,-0.174666666666667,1.35984349589698,-0.174666666666667,1.23230123481774
1.75,-1.955,-0.541,0.995,-1.414,0.087,1.414,-0.291,1.51088980405587,-0.180333333333333,1.44808712905451
1.8,-2.391,-0.471,0.646,-1.641,0.559,1.571,-0.395333333333333,1.72884537577348,-0.180333333333333,1.62560798882551
1.85,-2.758,-0.367,0.244,-1.833,1.03,1.676,-0.494666666666667,1.99911413714508,-0.174666666666667,1.76238881445989
1.9,-3.002,-0.209,-0.209,-1.972,1.518,1.71,-0.564333333333333,2.28085429901459,-0.157,1.84155070524816
1.95,-3.159,0,-0.698,-2.094,1.972,1.676,-0.628333333333333,2.56620933154981,-0.139333333333333,1.88885820890117
2,-3.159,0.227,-1.187,-2.164,2.391,1.571,-0.651666666666667,2.81346073961115,-0.122,1.89179993656835
2.05,-3.054,0.489,-1.676,-2.182,2.74,1.414,-0.663333333333333,3.02683487050968,-0.093,1.86731009743963
2.1,-2.81,0.75,-2.112,-2.164,3.002,1.204,-0.64,3.17331435568555,-0.0700000000000001,1.82760936745247
2.15,-2.461,1.03,-2.496,-2.094,3.159,0.96,-0.599333333333333,3.25485918794244,-0.0346666666666666,1.78377838683322
2.2,-2.007,1.309,-2.793,-1.99,3.194,0.716,-0.535333333333333,3.25352029858941,0.0116666666666666,1.75866834091404
2.25,-1.466,1.553,-3.002,-1.833,3.089,0.436,-0.459666666666667,3.16774372911278,0.052,1.72535242776657
2.3,-0.873,1.78,-3.089,-1.641,2.862,0.175,-0.366666666666667,3.00763700159001,0.104666666666667,1.71158415899813
2.35,-0.227,1.937,-3.054,-1.414,2.531,-0.087,-0.25,2.79257103759242,0.145333333333333,1.68753795019055
2.4,0.436,2.059,-2.915,-1.169,2.094,-0.314,-0.128333333333333,2.5517394720726,0.192,1.6724302676046
2.45,1.082,2.112,-2.67,-0.89,1.571,-0.524,-0.00566666666666663,2.32029832852014,0.232666666666667,1.63780625634821
2.5,1.693,2.094,-2.321,-0.611,0.995,-0.698,0.122333333333333,2.14457672591431,0.261666666666667,1.58744333232192
2.55,2.217,2.007,-1.885,-0.349,0.367,-0.82,0.233,2.05428040929178,0.279333333333333,1.51462349557021
2.6,2.635,1.85,-1.361,-0.087,-0.279,-0.908,0.331666666666667,2.06680655440545,0.285,1.41613170291467
2.65,2.915,1.658,-0.803,0.14,-0.89,-0.96,0.407333333333333,2.17213865426067,0.279333333333333,1.31454985958439
2.7,3.054,1.431,-0.192,0.314,-1.466,-0.96,0.465333333333333,2.33059334362161,0.261666666666667,1.19635878119122
2.75,3.037,1.187,0.419,0.436,-1.955,-0.908,0.500333333333333,2.49699365904948,0.238333333333333,1.06139546509929
2.8,2.862,0.908,1.012,0.489,-2.356,-0.82,0.506,2.64554493441332,0.192333333333333,0.901390222563643
2.85,2.531,0.646,1.553,0.471,-2.618,-0.681,0.488666666666667,2.7345300022734,0.145333333333333,0.720955153482748
2.9,2.059,0.384,2.042,0.384,-2.758,-0.506,0.447666666666667,2.7762017818115,0.0873333333333333,0.513841739578767
2.95,1.466,0.14,2.409,0.244,-2.74,-0.279,0.378333333333333,2.74140736362426,0.035,0.276859169976362
3,0.768,-0.07,2.67,0.052,-2.583,-0.035,0.285,2.65959940592564,-0.0176666666666667,0.0628198482434758
3.05,0,-0.244,2.775,-0.175,-2.286,0.227,0.163,2.53443425639727,-0.064,0.254363912534778
3.1,-0.785,-0.401,2.74,-0.436,-1.85,0.506,0.035,2.40235821641986,-0.110333333333333,0.534047126509762
3.15,-1.588,-0.506,2.566,-0.698,-1.326,0.785,-0.116,2.32637142348336,-0.139666666666667,0.806518650331989
3.2,-2.339,-0.559,2.234,-0.977,-0.681,1.047,-0.262,2.3151140360682,-0.163,1.06852983112312
3.25,-3.019,-0.559,1.78,-1.222,0.017,1.274,-0.407333333333333,2.42747694805395,-0.169,1.29289558743156
3.3,-3.595,-0.524,1.204,-1.466,0.75,1.466,-0.547,2.64938804254869,-0.174666666666667,1.49689055489482
3.35,-4.032,-0.436,0.541,-1.676,1.501,1.623,-0.663333333333333,2.95657510192678,-0.163,1.66635740464043
3.4,-4.294,-0.297,-0.175,-1.868,2.217,1.693,-0.750666666666666,3.29345173538847,-0.157333333333333,1.7846036908326
3.45,-4.381,-0.122,-0.925,-2.007,2.88,1.71,-0.808666666666667,3.63189762153799,-0.139666666666667,1.85856297534771
3.5,-4.294,0.087,-1.676,-2.112,3.456,1.641,-0.838,3.94237339682583,-0.128,1.8857149837661
3.55,-4.032,0.332,-2.391,-2.182,3.892,1.518,-0.843666666666667,4.18247825258343,-0.110666666666667,1.88930286966736
3.6,-3.613,0.593,-3.037,-2.182,4.206,1.344,-0.814666666666667,4.35755256231446,-0.0816666666666666,1.85729651195853
3.65,-3.054,0.873,-3.56,-2.147,4.346,1.134,-0.756,4.4256990408296,-0.0466666666666666,1.82361737580374
3.7,-2.356,1.152,-3.962,-2.077,4.311,0.89,-0.669,4.38692477710754,-0.0116666666666667,1.79342196187438
3.75,-1.553,1.431,-4.206,-1.955,4.102,0.628,-0.552333333333333,4.24343214077159,0.0346666666666667,1.76926039161378
3.8,-0.698,1.658,-4.294,-1.78,3.735,0.349,-0.419,4.02176466243364,0.0756666666666666,1.73522169573036
3.85,0.192,1.868,-4.206,-1.588,3.194,0.087,-0.273333333333333,3.72188142386795,0.122333333333333,1.728270908548
3.9,1.065,2.007,-3.944,-1.344,2.531,-0.157,-0.116,3.39521383715371,0.168666666666667,1.69907160924233
3.95,1.885,2.094,-3.543,-1.082,1.78,-0.384,0.0406666666666666,3.10399038873082,0.209333333333333,1.66906480800876
4,2.635,2.112,-2.985,-0.82,0.942,-0.576,0.197333333333333,2.88305330046694,0.238666666666667,1.62693495055375
4.05,3.246,2.059,-2.321,-0.541,0.07,-0.75,0.331666666666667,2.79270913869191,0.256,1.56493673993552
4.1,3.718,1.937,-1.571,-0.262,-0.803,-0.855,0.448,2.85781927350209,0.273333333333333,1.47096986146329
4.15,3.997,1.763,-0.75,-0.017,-1.623,-0.942,0.541333333333333,3.02436048336393,0.268,1.37483635389816
4.2,4.084,1.553,0.087,0.192,-2.356,-0.96,0.605,3.25109873735019,0.261666666666667,1.25794766716797
4.25,3.962,1.309,0.908,0.349,-2.967,-0.942,0.634333333333333,3.47259705887875,0.238666666666667,1.12954872995074
4.3,3.648,1.047,1.693,0.454,-3.421,-0.89,0.64,3.65024615608318,0.203666666666667,0.992467799645577
4.35,3.176,0.768,2.409,0.489,-3.683,-0.768,0.634,3.75824945952235,0.163,0.818248739687389
4.4,2.531,0.506,2.985,0.454,-3.77,-0.628,0.582,3.77577237131689,0.110666666666667,0.640232249526165
4.45,1.763,0.262,3.438,0.349,-3.665,-0.419,0.512,3.71307190881082,0.064,0.420546073575774
4.5,0.89,0.035,3.7,0.192,-3.351,-0.192,0.413,3.54961927535898,0.0116666666666667,0.193060439586502
4.55,-0.052,-0.175,3.787,0,-2.897,0.052,0.279333333333333,3.35429580289713,-0.041,0.118924345699272
4.6,-1.03,-0.332,3.683,-0.244,-2.269,0.332,0.128,3.14042974766193,-0.0813333333333333,0.360651262764091
4.65,-1.972,-0.454,3.386,-0.506,-1.518,0.611,-0.0346666666666666,2.97106871905268,-0.116333333333333,0.63042551767305
4.7,-2.845,-0.541,2.915,-0.768,-0.663,0.873,-0.197666666666667,2.9080580003386,-0.145333333333333,0.889176210507981
4.75,-3.63,-0.559,2.304,-1.047,0.244,1.134,-0.360666666666667,3.01285667321453,-0.157333333333333,1.14463633234898
4.8,-4.276,-0.559,1.553,-1.309,1.169,1.361,-0.518,3.26018205013156,-0.169,1.37706209010342
4.85,-4.747,-0.489,0.698,-1.536,2.094,1.536,-0.651666666666667,3.61469505398911,-0.163,1.56173077065159
4.9,-5.027,-0.384,-0.209,-1.728,2.95,1.658,-0.762,4.01714936242107,-0.151333333333333,1.70494848407022
4.95,-5.114,-0.227,-1.152,-1.902,3.718,1.71,-0.849333333333333,4.42377229673198,-0.139666666666667,1.80758300869789
5,-4.974,-0.035,-2.077,-2.042,4.346,1.693,-0.901666666666667,4.7698696348363,-0.128,1.86923594016379
5.05,-4.643,0.175,-2.932,-2.129,4.835,1.606,-0.913333333333333,5.05117633164131,-0.116,1.88442749926868
5.1,-4.119,0.436,-3.683,-2.182,5.114,1.466,-0.896,5.20937606628663,-0.0933333333333333,1.88072361960319
5.15,-3.421,0.698,-4.311,-2.182,5.184,1.292,-0.849333333333333,5.24393538607536,-0.064,1.85813131936362
5.2,-2.601,0.977,-4.747,-2.147,5.044,1.047,-0.768,5.14643925447488,-0.041,1.82418529760548
5.25,-1.658,1.257,-5.027,-2.059,4.695,0.803,-0.663333333333333,4.93673397433296,0.00033333333333326,1.79782349893791
5.3,-0.663,1.518,-5.079,-1.92,4.154,0.541,-0.529333333333333,4.61795109689712,0.0463333333333334,1.77157622848506
5.35,0.349,1.745,-4.939,-1.745,3.456,0.279,-0.378,4.244455559904,0.093,1.75241889969265
5.4,1.344,1.92,-4.59,-1.536,2.618,0.017,-0.209333333333333,3.84687526875168,0.133666666666667,1.73095127988437
5.45,2.251,2.042,-4.084,-1.292,1.676,-0.227,-0.0523333333333333,3.5033424516215,0.174333333333333,1.70284771290134
5.5,3.072,2.112,-3.403,-1.047,0.681,-0.436,0.116666666666667,3.27418086448097,0.209666666666667,1.67555493295008
5.55,3.752,2.094,-2.601,-0.768,-0.332,-0.628,0.273,3.2194209106608,0.232666666666667,1.61348112270746
5.6,4.259,2.025,-1.693,-0.489,-1.326,-0.785,0.413333333333333,3.33549641482843,0.250333333333333,1.54401597573773
5.65,4.555,1.885,-0.733,-0.227,-2.234,-0.89,0.529333333333333,3.56619465724087,0.256,1.44918011302943
5.7,4.625,1.693,0.244,0.017,-3.037,-0.96,0.610666666666667,3.84413765795833,0.25,1.34175966551391
5.75,4.468,1.466,1.204,0.209,-3.683,-0.977,0.663,4.10234213590237,0.232666666666667,1.22167194178033
5.8,4.119,1.222,2.094,0.367,-4.136,-0.942,0.692333333333333,4.30229686717843,0.215666666666667,1.08990840593755
5.85,3.56,0.96,2.88,0.454,-4.398,-0.873,0.680666666666667,4.41137635362631,0.180333333333333,0.946647945824282
5.9,2.827,0.681,3.543,0.489,-4.433,-0.75,0.645666666666667,4.41280016920473,0.14,0.776718095579085
5.95,1.955,0.419,4.014,0.454,-4.241,-0.576,0.576,4.29679962297522,0.099,0.584829034846937
6,0.977,0.175,4.294,0.349,-3.84,-0.384,0.477,4.08998643029534,0.0466666666666667,0.382980852436951
6.05,-0.07,-0.052,4.363,0.192,-3.264,-0.14,0.343,3.83023615459935,-2.30844712558372e-18,0.172
6.1,-1.134,-0.227,4.206,-0.017,-2.513,0.122,0.186333333333334,3.54876039390283,-0.0406666666666667,0.17569955416373
6.15,-2.182,-0.384,3.857,-0.244,-1.641,0.401,0.0113333333333334,3.34141202687327,-0.0756666666666667,0.418698379902924
6.2,-3.142,-0.489,3.316,-0.506,-0.663,0.681,-0.163,3.25790438779286,-0.104666666666667,0.680460383368006
6.25,-3.997,-0.559,2.601,-0.768,0.367,0.942,-0.343,3.35581227126906,-0.128333333333333,0.932807768692635
6.3,-4.695,-0.576,1.763,-1.047,1.414,1.204,-0.506,3.63197480718135,-0.139666666666667,1.1872406383431
6.35,-5.201,-0.541,0.82,-1.292,2.426,1.414,-0.651666666666667,4.02083751640542,-0.139666666666667,1.39692889344209
6.4,-5.498,-0.454,-0.192,-1.536,3.368,1.571,-0.774,4.46156161001952,-0.139666666666667,1.57717035647178
6.45,-5.55,-0.332,-1.222,-1.728,4.189,1.676,-0.861,4.87952569416332,-0.128,1.71114464613603
6.5,-5.393,-0.157,-2.234,-1.902,4.852,1.71,-0.925,5.24643850626308,-0.116333333333333,1.80634335975565
6.55,-5.009,0.035,-3.159,-2.042,5.323,1.676,-0.948333333333333,5.50934127943925,-0.110333333333333,1.86325584215731
6.6,-4.433,0.279,-3.962,-2.147,5.585,1.571,-0.936666666666667,5.65283666253796,-0.0989999999999999,1.88760271243713
6.65,-3.683,0.541,-4.625,-2.182,5.62,1.414,-0.896,5.66264364056224,-0.0756666666666667,1.87563651418214
6.7,-2.775,0.82,-5.114,-2.182,5.411,1.222,-0.826,5.52655923699366,-0.0466666666666667,1.86014443883622
6.75,-1.763,1.1,-5.393,-2.147,4.992,0.995,-0.721333333333333,5.27028066931291,-0.0173333333333332,1.84509249993959
6.8,-0.681,1.379,-5.445,-2.059,4.363,0.733,-0.587666666666667,4.90466607765843,0.0176666666666666,1.8272212053644
6.85,0.401,1.623,-5.288,-1.92,3.56,0.471,-0.442333333333333,4.48388049944837,0.058,1.80724624774821
6.9,1.466,1.833,-4.904,-1.745,2.618,0.209,-0.273333333333333,4.0514295419436,0.0989999999999999,1.79153453776365
6.95,2.443,1.99,-4.346,-1.536,1.588,-0.052,-0.105,3.69760963326309,0.134,1.77034346949963
7,3.316,2.094,-3.63,-1.292,0.489,-0.297,0.0583333333333333,3.49296927174193,0.168333333333333,1.74030179375111
7.05,4.032,2.112,-2.758,-1.03,-0.593,-0.506,0.227,3.46847589007045,0.192,1.68328369563779
7.1,4.573,2.077,-1.798,-0.768,-1.658,-0.681,0.372333333333333,3.63855745225128,0.209333333333333,1.61803162309435
7.15,4.887,1.972,-0.785,-0.489,-2.618,-0.82,0.494666666666667,3.91272492431213,0.221,1.52541502549306
7.2,4.974,1.798,0.244,-0.227,-3.438,-0.908,0.593333333333333,4.21686629303483,0.221,1.40752868532048
7.25,4.817,1.588,1.257,0.017,-4.084,-0.96,0.663333333333333,4.48009825041074,0.215,1.28548784513896
7.3,4.451,1.344,2.182,0.227,-4.52,-0.977,0.704333333333333,4.66447578333657,0.198,1.16077172605125
7.35,3.857,1.082,3.002,0.367,-4.747,-0.925,0.704,4.74002183539274,0.174666666666667,1.01722973478626
7.4,3.089,0.82,3.683,0.471,-4.73,-0.838,0.680666666666666,4.6951777744121,0.151,0.874094388495888
7.45,2.164,0.559,4.171,0.489,-4.485,-0.716,0.616666666666667,4.53070241059081,0.110666666666667,0.716769372485553
7.5,1.134,0.297,4.468,0.454,-4.032,-0.541,0.523333333333333,4.28277775904066,0.07,0.534932706048153
7.55,0.035,0.07,4.538,0.349,-3.403,-0.332,0.39,3.98238483825961,0.029,0.342346315884953
7.6,-1.1,-0.14,4.381,0.192,-2.601,-0.087,0.226666666666667,3.67520262479953,-0.0116666666666667,0.178360122598448
7.65,-2.199,-0.314,4.014,0,-1.658,0.175,0.0523333333333335,3.44155086165138,-0.0463333333333333,0.247770727353603
7.7,-3.229,-0.436,3.473,-0.244,-0.611,0.436,-0.122333333333333,3.37761710875187,-0.0813333333333333,0.458193554443243
7.75,-4.119,-0.524,2.758,-0.506,0.471,0.716,-0.296666666666667,3.50218022570703,-0.104666666666667,0.710775163700402
7.8,-4.869,-0.576,1.902,-0.768,1.553,0.995,-0.471333333333333,3.81248663385635,-0.116333333333333,0.967218865269559
7.85,-5.411,-0.559,0.96,-1.03,2.583,1.239,-0.622666666666666,4.22547445067809,-0.116666666666667,1.19742821635927
7.9,-5.725,-0.506,-0.052,-1.292,3.526,1.449,-0.750333333333333,4.66486895135687,-0.116333333333333,1.41143555762682
7.95,-5.812,-0.401,-1.1,-1.518,4.346,1.588,-0.855333333333333,5.08341787907834,-0.110333333333333,1.57326867805004
8,-5.655,-0.244,-2.094,-1.728,5.009,1.693,-0.913333333333333,5.42915318749926,-0.093,1.71549147476751
8.05,-5.271,-0.052,-3.037,-1.902,5.463,1.71,-0.948333333333333,5.66361945520118,-0.0813333333333333,1.80617865487701
8.1,-4.695,0.157,-3.857,-2.042,5.69,1.676,-0.954,5.76910850998662,-0.0696666666666666,1.86933526509648
8.15,-3.91,0.419,-4.52,-2.129,5.69,1.553,-0.913333333333333,5.72678210981816,-0.0523333333333334,1.88570870850546
8.2,-2.985,0.681,-5.027,-2.182,5.463,1.396,-0.849666666666667,5.56145316741347,-0.035,1.8934130558333
8.25,-1.937,0.96,-5.323,-2.199,5.009,1.187,-0.750333333333333,5.26722786039614,-0.0173333333333333,1.8927848090402
8.3,-0.82,1.257,-5.393,-2.147,4.346,0.942,-0.622333333333333,4.87250801264948,0.0173333333333333,1.88097324099343
8.35,0.314,1.501,-5.253,-2.059,3.526,0.681,-0.471,4.44183284241989,0.0409999999999999,1.86429611381883
8.4,1.414,1.745,-4.904,-1.92,2.583,0.419,-0.302333333333333,4.02779621298463,0.0813333333333334,1.85568594684912
8.45,2.443,1.92,-4.381,-1.745,1.536,0.14,-0.134,3.70586278753005,0.105,1.83275066498419
8.5,3.351,2.059,-3.7,-1.553,0.454,-0.105,0.0349999999999999,3.5441248567171,0.133666666666667,1.8177891333522
8.55,4.102,2.112,-2.862,-1.309,-0.628,-0.349,0.204,3.55576883388108,0.151333333333333,1.76452836002523
8.6,4.66,2.094,-1.937,-1.047,-1.676,-0.559,0.349,3.73571559409974,0.162666666666667,1.69028764810411
8.65,4.992,2.025,-0.96,-0.768,-2.601,-0.716,0.477,3.99526457196517,0.180333333333333,1.5977397576994
8.7,5.096,1.885,0.035,-0.506,-3.403,-0.855,0.576,4.27524981726214,0.174666666666667,1.49143566181493
8.75,4.939,1.693,1.012,-0.227,-4.032,-0.942,0.639666666666667,4.49707508646824,0.174666666666667,1.36264754552795
8.8,4.555,1.466,1.92,0.017,-4.451,-0.977,0.674666666666667,4.63035099461513,0.168666666666667,1.22854154725566
8.85,3.944,1.204,2.723,0.209,-4.66,-0.96,0.669,4.65525412840158,0.151,1.08316526901484
8.9,3.159,0.942,3.403,0.367,-4.625,-0.89,0.645666666666667,4.56616133457123,0.139666666666667,0.936918530787674
8.95,2.199,0.663,3.91,0.471,-4.363,-0.785,0.582,4.36710991389042,0.116333333333333,0.786458729580474
9,1.134,0.401,4.224,0.489,-3.892,-0.628,0.488666666666667,4.09630386242687,0.0873333333333333,0.621057431590133
9.05,0,0.157,4.328,0.454,-3.264,-0.436,0.354666666666667,3.80840614080659,0.0583333333333333,0.453129488483517
9.1,-1.152,-0.052,4.224,0.349,-2.461,-0.209,0.203666666666667,3.54269393729311,0.0293333333333333,0.28775394581714
9.15,-2.269,-0.244,3.91,0.192,-1.518,0.052,0.041,3.37162735188811,2.30957650284673e-18,0.222602785247624
9.2,-3.316,-0.384,3.438,-0.017,-0.506,0.332,-0.128,3.39282949763173,-0.023,0.358037707511374
9.25,-4.224,-0.506,2.793,-0.262,0.541,0.611,-0.296666666666667,3.58271354329834,-0.0523333333333333,0.587275347118652
9.3,-4.974,-0.559,2.025,-0.524,1.588,0.89,-0.453666666666667,3.92081653910679,-0.0643333333333334,0.826662163966232
9.35,-5.515,-0.576,1.152,-0.785,2.583,1.152,-0.593333333333333,4.32192576675414,-0.0696666666666667,1.0631426683815
9.4,-5.829,-0.541,0.227,-1.065,3.491,1.379,-0.703666666666667,4.72918654034003,-0.0756666666666667,1.28673436782163
9.45,-5.899,-0.454,-0.75,-1.309,4.276,1.553,-0.791,5.08762390512506,-0.07,1.46913341803936
9.5,-5.725,-0.332,-1.693,-1.553,4.887,1.676,-0.843666666666667,5.35673980452041,-0.0696666666666667,1.63040618660913
9.55,-5.341,-0.157,-2.583,-1.745,5.323,1.71,-0.867,5.53522501800966,-0.064,1.72937647723103
9.6,-4.747,0.052,-3.386,-1.92,5.533,1.693,-0.866666666666667,5.58389472799527,-0.0583333333333333,1.80902524397349
9.65,-3.962,0.297,-4.049,-2.059,5.515,1.588,-0.832,5.49683536227892,-0.058,1.84923524733875
9.7,-3.019,0.541,-4.573,-2.147,5.288,1.431,-0.768,5.30189409550964,-0.0583333333333332,1.86277248566038
9.75,-1.955,0.82,-4.904,-2.182,4.852,1.222,-0.669,5.00352185965046,-0.0466666666666667,1.86014443883622
9.8,-0.838,1.1,-5.027,-2.182,4.224,0.995,-0.547,4.63236019756668,-0.029,1.86529166620129
9.85,0.297,1.379,-4.974,-2.147,3.421,0.716,-0.418666666666667,4.24301076281139,-0.0173333333333333,1.87390029973137
9.9,1.396,1.623,-4.712,-2.042,2.513,0.436,-0.267666666666667,3.88921538788138,0.00566666666666673,1.87001238855076
9.95,2.409,1.833,-4.276,-1.92,1.501,0.175,-0.122,3.62600372310895,0.0293333333333333,1.88073558304546
10,3.316,1.99,-3.7,-1.745,0.454,-0.087,0.0233333333333332,3.52777115659921,0.0526666666666666,1.87141292432572
10.05,4.084,2.094,-2.985,-1.536,-0.593,-0.332,0.168666666666667,3.5955239302963,0.0753333333333333,1.84896331313883
10.1,4.643,2.112,-2.164,-1.292,-1.588,-0.541,0.297,3.77474913073703,0.093,1.78837104651132
10.15,4.992,2.077,-1.274,-1.03,-2.478,-0.716,0.413333333333333,4.01067891177209,0.110333333333333,1.71040414327531
10.2,5.096,1.972,-0.367,-0.768,-3.246,-0.838,0.494333333333333,4.23717622165203,0.122,1.60252925090308
10.25,4.957,1.815,0.524,-0.489,-3.857,-0.925,0.541333333333333,4.40702556531424,0.133666666666667,1.47230612758805
10.3,4.59,1.606,1.379,-0.227,-4.259,-0.977,0.57,4.47962732824953,0.134,1.32880133955381
10.35,3.997,1.361,2.147,0.017,-4.451,-0.96,0.564333333333333,4.44081088691394,0.139333333333333,1.16532584856483
10.4,3.229,1.1,2.81,0.209,-4.433,-0.908,0.535333333333333,4.307800173329,0.133666666666667,1.00611745503859
10.45,2.304,0.82,3.334,0.367,-4.189,-0.803,0.483,4.07871462595755,0.128,0.837480149018471
10.5,1.257,0.559,3.7,0.454,-3.752,-0.646,0.401666666666667,3.79891725802673,0.122333333333333,0.667464106400736
10.55,0.14,0.297,3.875,0.489,-3.142,-0.454,0.291,3.510936199933,0.110666666666667,0.498349609544678
10.6,-0.995,0.07,3.875,0.454,-2.374,-0.227,0.168666666666667,3.28300020306629,0.099,0.341424955151202
10.65,-2.112,-0.14,3.665,0.367,-1.484,0.035,0.023,3.16965597502316,0.0873333333333333,0.257519578543716
10.7,-3.142,-0.314,3.299,0.209,-0.524,0.297,-0.122333333333333,3.23923175048241,0.064,0.330301377532701
10.75,-4.049,-0.436,2.793,0.017,0.489,0.576,-0.255666666666667,3.48125513763834,0.0523333333333333,0.506924386208962
10.8,-4.8,-0.524,2.147,-0.227,1.484,0.873,-0.389666666666667,3.83381954887464,0.0406666666666667,0.735959464463454
10.85,-5.358,-0.576,1.379,-0.471,2.443,1.134,-0.512,4.23034407584064,0.029,0.958397099327831
10.9,-5.707,-0.559,0.559,-0.733,3.334,1.361,-0.604666666666667,4.63146956519562,0.023,1.16200344233569
10.95,-5.812,-0.506,-0.314,-0.995,4.084,1.536,-0.680666666666667,4.95817883232678,0.0116666666666667,1.34256259940955
11,-5.672,-0.401,-1.187,-1.257,4.695,1.658,-0.721333333333333,5.19916400331181,0,1.4983013715538
11.05,-5.306,-0.244,-2.025,-1.484,5.114,1.71,-0.739,5.32770560372849,-0.00600000000000001,1.61024594394769
11.1,-4.747,-0.07,-2.775,-1.693,5.341,1.693,-0.727,5.34674330784638,-0.0233333333333333,1.69348230971963
11.15,-4.014,0.157,-3.438,-1.885,5.341,1.606,-0.703666666666667,5.24275121795163,-0.0406666666666666,1.75387409278241
11.2,-3.107,0.419,-3.962,-2.025,5.131,1.466,-0.646,5.02126010081135,-0.0466666666666667,1.79148104464807
11.25,-2.094,0.698,-4.328,-2.129,4.712,1.257,-0.57,4.7087505773825,-0.0580000000000001,1.81518621634255
11.3,-0.995,0.977,-4.52,-2.182,4.136,1.03,-0.459666666666667,4.35276008221603,-0.0583333333333333,1.83934018966947
11.35,0.105,1.274,-4.555,-2.199,3.403,0.768,-0.349,3.99837817120892,-0.0523333333333333,1.87620423550671
11.4,1.187,1.536,-4.398,-2.164,2.531,0.489,-0.226666666666666,3.67445238550363,-0.0463333333333334,1.90720642126995
11.45,2.199,1.763,-4.102,-2.077,1.588,0.209,-0.105,3.474958560904,-0.035,1.93159312485834
11.5,3.107,1.937,-3.648,-1.955,0.593,-0.052,0.0173333333333333,3.41409582954746,-0.0233333333333333,1.94615835258422
11.55,3.857,2.059,-3.072,-1.78,-0.401,-0.297,0.128,3.49465892470209,-0.00599999999999995,1.93597288204148
11.6,4.451,2.112,-2.391,-1.588,-1.361,-0.506,0.233,3.68901992404487,0.00600000000000001,1.90239533220622
11.65,4.817,2.094,-1.641,-1.344,-2.234,-0.681,0.314,3.91096778304296,0.0229999999999999,1.82391693889826
11.7,4.957,2.007,-0.855,-1.082,-2.985,-0.82,0.372333333333333,4.11079084037772,0.035,1.71281902137967
11.75,4.869,1.85,-0.052,-0.82,-3.578,-0.925,0.413,4.24265494708207,0.035,1.57271262473473
11.8,4.538,1.641,0.716,-0.541,-3.997,-0.96,0.419,4.27524420355142,0.0466666666666667,1.39653654922932
11.85,4.014,1.396,1.414,-0.262,-4.206,-0.96,0.407333333333333,4.20144419614653,0.058,1.21015866728293
11.9,3.299,1.134,2.059,-0.017,-4.206,-0.908,0.384,4.02311757223176,0.0696666666666666,1.02375501626773
11.95,2.426,0.855,2.583,0.192,-4.014,-0.82,0.331666666666667,3.76427633594205,0.0756666666666667,0.843537985708606
12,1.431,0.593,2.967,0.349,-3.63,-0.663,0.256,3.45189382803122,0.093,0.665984984815724
12.05,0.367,0.332,3.229,0.454,-3.072,-0.489,0.174666666666667,3.15490005124304,0.099,0.512863529606074
12.1,-0.733,0.087,3.316,0.489,-2.374,-0.262,0.0696666666666666,2.92869089071096,0.104666666666667,0.375811566258056
12.15,-1.815,-0.122,3.264,0.454,-1.536,-0.017,-0.0290000000000001,2.85523151425589,0.105,0.306768642465295
12.2,-2.845,-0.314,3.054,0.367,-0.628,0.262,-0.139666666666667,2.97966480217714,0.105,0.366642878016197
12.25,-3.77,-0.436,2.705,0.209,0.314,0.541,-0.250333333333333,3.27418086448097,0.104666666666667,0.496786003560218
12.3,-4.538,-0.524,2.234,0,1.274,0.82,-0.343333333333333,3.66426272711624,0.0986666666666666,0.677410756729869
12.35,-5.114,-0.576,1.658,-0.227,2.199,1.082,-0.419,4.0749771778502,0.093,0.874094388495888
12.4,-5.498,-0.559,0.995,-0.489,3.054,1.326,-0.483,4.46346715009756,0.0926666666666667,1.06867129339818
12.45,-5.655,-0.489,0.297,-0.75,3.805,1.518,-0.517666666666667,4.78232802443886,0.093,1.24096696168754
12.5,-5.568,-0.384,-0.454,-1.03,4.416,1.641,-0.535333333333333,4.99249690368791,0.0756666666666667,1.39356748431259
12.55,-5.271,-0.227,-1.169,-1.292,4.852,1.71,-0.529333333333333,5.09172488782862,0.0636666666666666,1.52196134423097
12.6,-4.765,-0.035,-1.868,-1.518,5.114,1.71,-0.506333333333333,5.07831294165034,0.0523333333333333,1.61577112653164
12.65,-4.084,0.209,-2.513,-1.728,5.149,1.623,-0.482666666666667,4.940016430472,0.0346666666666667,1.6822884215655
12.7,-3.229,0.471,-3.054,-1.902,4.992,1.484,-0.430333333333333,4.69669355327057,0.0176666666666667,1.73792472027224
12.75,-2.251,0.75,-3.473,-2.042,4.643,1.309,-0.360333333333333,4.37588040665342,0.00566666666666671,1.79522264171699
12.8,-1.204,1.03,-3.77,-2.129,4.119,1.082,-0.285,4.02399068090372,-0.00566666666666663,1.83904440765669
12.85,-0.105,1.309,-3.927,-2.182,3.421,0.82,-0.203666666666667,3.67499351473351,-0.0176666666666667,1.89024716196939
12.9,0.96,1.571,-3.944,-2.182,2.618,0.541,-0.122,3.4121846374427,-0.0233333333333333,1.93909936138748
12.95,1.99,1.798,-3.805,-2.147,1.728,0.279,-0.0290000000000001,3.27273478913278,-0.0233333333333332,1.98980158139784
13,2.897,1.972,-3.543,-2.042,0.768,0.017,0.0406666666666666,3.28103037677699,-0.0176666666666666,2.00722453485736
13.05,3.683,2.077,-3.159,-1.92,-0.192,-0.227,0.110666666666667,3.43102700854035,-0.0233333333333333,2.00626826056072
13.1,4.294,2.112,-2.688,-1.745,-1.117,-0.454,0.163,3.66276958052237,-0.029,1.96330868688548
13.15,4.695,2.077,-2.112,-1.536,-1.972,-0.646,0.203666666666667,3.89023859593899,-0.035,1.88240086060329
13.2,4.887,1.99,-1.484,-1.292,-2.723,-0.803,0.226666666666667,4.08323527773423,-0.035,1.77066343498701
13.25,4.852,1.815,-0.838,-1.03,-3.334,-0.908,0.226666666666667,4.19556734343918,-0.041,1.60850023313645
13.3,4.608,1.623,-0.157,-0.768,-3.77,-0.96,0.227,4.20217955351744,-0.035,1.43907574505305
13.35,4.136,1.379,0.489,-0.489,-4.014,-0.977,0.203666666666667,4.08248531330283,-0.029,1.24353689129032
13.4,3.473,1.117,1.1,-0.227,-4.067,-0.925,0.168666666666667,3.85531274131339,-0.0116666666666667,1.03789080992816
13.45,2.653,0.838,1.641,0.017,-3.91,-0.838,0.128,3.5334287880188,0.00566666666666667,0.838057476151447
13.5,1.693,0.559,2.094,0.209,-3.578,-0.716,0.0696666666666667,3.16532847163345,0.0173333333333334,0.658755139132389
13.55,0.663,0.297,2.443,0.367,-3.072,-0.541,0.0113333333333333,2.81465954128263,0.041,0.505240536774317
13.6,-0.436,0.07,2.67,0.454,-2.426,-0.332,-0.0640000000000001,2.56828580964035,0.064,0.393034349643896
13.65,-1.518,-0.14,2.775,0.489,-1.658,-0.087,-0.133666666666667,2.51995165297538,0.0873333333333333,0.348861481584501
13.7,-2.566,-0.314,2.74,0.454,-0.785,0.175,-0.203666666666667,2.70034633581201,0.105,0.388755707353603
13.75,-3.508,-0.436,2.601,0.349,0.122,0.454,-0.261666666666667,3.0725185651731,0.122333333333333,0.486372628067548
13.8,-4.311,-0.524,2.339,0.192,1.047,0.733,-0.308333333333333,3.52609150949509,0.133666666666667,0.630527028233789
13.85,-4.957,-0.576,1.972,0,1.955,0.995,-0.343333333333333,3.99556157921929,0.139666666666667,0.794758034456609
13.9,-5.393,-0.559,1.518,-0.244,2.775,1.239,-0.366666666666667,4.39807143340503,0.145333333333333,0.960149120362735
13.95,-5.603,-0.489,0.995,-0.489,3.526,1.449,-0.360666666666667,4.71307058437844,0.157,1.11890482168949
14,-5.585,-0.384,0.401,-0.768,4.136,1.606,-0.349333333333333,4.90374452162155,0.151333333333333,1.27432544247274
14.05,-5.341,-0.244,-0.209,-1.03,4.608,1.693,-0.314,4.97533104426228,0.139666666666667,1.40145721780343
14.1,-4.887,-0.052,-0.82,-1.292,4.887,1.71,-0.273333333333333,4.90987803650288,0.122,1.50854499435715
14.15,-4.259,0.175,-1.431,-1.518,4.974,1.658,-0.238666666666667,4.73057251644379,0.105,1.58915669460252
14.2,-3.438,0.436,-1.99,-1.728,4.887,1.536,-0.180333333333334,4.44776082240641,0.0813333333333334,1.66065208076025
14.25,-2.496,0.716,-2.496,-1.902,4.59,1.379,-0.134,4.09110400747769,0.0643333333333334,1.73486089740167
14.3,-1.449,0.995,-2.915,-2.042,4.136,1.152,-0.076,3.72061782503928,0.035,1.80044688896951
14.35,-0.367,1.274,-3.211,-2.129,3.508,0.908,-0.0233333333333333,3.37265775514405,0.0176666666666667,1.86805308632633
14.4,0.716,1.536,-3.403,-2.182,2.775,0.646,0.0293333333333333,3.1457200023736,3.69893641179638e-17,1.9413572571786
14.45,1.763,1.763,-3.456,-2.182,1.937,0.367,0.0813333333333333,3.06465566309387,-0.0173333333333333,2.00038504626818
14.5,2.705,1.937,-3.403,-2.147,1.047,0.105,0.116333333333333,3.15856317545389,-0.0349999999999999,2.04559624559687
14.55,3.526,2.059,-3.211,-2.077,0.122,-0.14,0.145666666666667,3.36856235408124,-0.0526666666666666,2.06938259713697
14.6,4.171,2.112,-2.915,-1.955,-0.785,-0.367,0.157,3.6357079090598,-0.07,2.04970217348765
14.65,4.643,2.094,-2.548,-1.798,-1.623,-0.576,0.157333333333333,3.9121362876737,-0.0933333333333334,1.99038723200621
14.7,4.904,2.007,-2.094,-1.588,-2.374,-0.733,0.145333333333333,4.12350352653339,-0.104666666666667,1.87805972570984
14.75,4.922,1.868,-1.571,-1.379,-3.002,-0.855,0.116333333333333,4.22288578265306,-0.122,1.74319218676542
14.8,4.712,1.658,-1.03,-1.117,-3.473,-0.942,0.0696666666666666,4.20184558656471,-0.133666666666667,1.55409405549771
14.85,4.294,1.431,-0.454,-0.855,-3.77,-0.977,0.0233333333333332,4.0531357407979,-0.133666666666667,1.35641340797462
14.9,3.683,1.169,0.105,-0.593,-3.875,-0.96,-0.0290000000000001,3.78078140071599,-0.128,1.13812521279515
14.95,2.897,0.908,0.628,-0.332,-3.805,-0.89,-0.0933333333333334,3.4087303110298,-0.104666666666667,0.920305021899443
15,1.972,0.628,1.117,-0.087,-3.543,-0.785,-0.151333333333333,2.96821635554643,-0.0813333333333333,0.706517043908591
15.05,0.942,0.367,1.553,0.14,-3.107,-0.628,-0.204,2.532565300244,-0.0403333333333333,0.52143679706493
15.1,-0.14,0.122,1.902,0.314,-2.548,-0.454,-0.262,2.22750712681239,-0.00600000000000001,0.399679871897497
15.15,-1.239,-0.087,2.164,0.436,-1.85,-0.227,-0.308333333333333,2.16278855492934,0.0406666666666667,0.349451474933693
15.2,-2.286,-0.279,2.321,0.489,-1.047,0.035,-0.337333333333333,2.38407892766438,0.0816666666666667,0.386120879173004
15.25,-3.264,-0.419,2.356,0.471,-0.192,0.297,-0.366666666666667,2.81406846635496,0.116333333333333,0.47170470989098
15.3,-4.119,-0.506,2.304,0.401,0.681,0.576,-0.378,3.33988667472416,0.157,0.580803753431398
15.35,-4.8,-0.559,2.129,0.279,1.553,0.855,-0.372666666666667,3.8449843085939,0.191666666666667,0.711033988873481
15.4,-5.288,-0.576,1.868,0.087,2.374,1.117,-0.348666666666667,4.28506351567084,0.209333333333333,0.853103940521513
15.45,-5.568,-0.524,1.536,-0.122,3.124,1.344,-0.302666666666666,4.62852431486898,0.232666666666667,0.983207675587072
15.5,-5.62,-0.436,1.117,-0.367,3.752,1.518,-0.250333333333333,4.83330077000525,0.238333333333333,1.10876071960245
15.55,-5.428,-0.297,0.646,-0.646,4.259,1.641,-0.174333333333333,4.89532453810096,0.232666666666667,1.23207237341535
15.6,-5.027,-0.122,0.14,-0.908,4.608,1.71,-0.0930000000000002,4.82172406925158,0.226666666666667,1.34337535087307
15.65,-4.433,0.105,-0.384,-1.169,4.765,1.693,-0.0173333333333334,4.60994949357727,0.209666666666667,1.43386796230801
15.7,-3.665,0.349,-0.925,-1.414,4.747,1.623,0.0523333333333333,4.29031715999334,0.186,1.52504721238393
15.75,-2.758,0.611,-1.431,-1.641,4.555,1.484,0.122,3.89600423511063,0.151333333333333,1.61241320179827
15.8,-1.728,0.89,-1.92,-1.833,4.189,1.292,0.180333333333333,3.47293425410464,0.116333333333333,1.70009597768283
15.85,-0.663,1.169,-2.339,-1.99,3.665,1.082,0.221,3.09807940505081,0.087,1.79926068150227
15.9,0.436,1.431,-2.67,-2.094,3.019,0.82,0.261666666666667,2.84850387630653,0.0523333333333334,1.88371715852814
15.95,1.484,1.676,-2.932,-2.164,2.269,0.559,0.273666666666667,2.80379748436533,0.0236666666666666,1.97518007617871
16,2.461,1.885,-3.072,-2.182,1.449,0.279,0.279333333333333,2.94611818047636,-0.00599999999999997,2.04842402836913
16.05,3.316,2.025,-3.124,-2.164,0.576,0.017,0.256,3.23190346390482,-0.0406666666666667,2.09509530411705
16.1,4.014,2.094,-3.054,-2.094,-0.279,-0.227,0.227,3.56106486882786,-0.0756666666666667,2.09809731264623
16.15,4.52,2.112,-2.897,-1.99,-1.117,-0.436,0.168666666666667,3.87203774947163,-0.104666666666667,2.07097497168202
16.2,4.835,2.042,-2.635,-1.833,-1.868,-0.628,0.110666666666667,4.10932674939987,-0.139666666666667,1.98311833568583
16.25,4.922,1.92,-2.304,-1.641,-2.513,-0.768,0.035,4.23355607025583,-0.163,1.85599003230082
16.3,4.782,1.745,-1.92,-1.414,-3.037,-0.89,-0.0583333333333333,4.2288937481726,-0.186333333333333,1.69297972029594
16.35,4.416,1.518,-1.466,-1.152,-3.403,-0.96,-0.151,4.07199079075579,-0.198,1.48919709911079
16.4,3.857,1.274,-0.977,-0.89,-3.595,-0.977,-0.238333333333333,3.78051548513339,-0.197666666666667,1.27524285268859
16.45,3.124,1.012,-0.471,-0.611,-3.613,-0.942,-0.32,3.37103737742553,-0.180333333333333,1.04576973246185
16.5,2.234,0.733,0.052,-0.332,-3.456,-0.873,-0.39,2.87063546971746,-0.157333333333333,0.817123205724408
16.55,1.239,0.471,0.541,-0.087,-3.124,-0.75,-0.448,2.34361536946659,-0.122,0.611251993861779
16.6,0.175,0.209,0.995,0.14,-2.653,-0.593,-0.494333333333333,1.91389167230889,-0.0813333333333333,0.444457347034936
16.65,-0.908,-0.017,1.414,0.314,-2.059,-0.384,-0.517666666666667,1.76909647372136,-0.029,0.349154693509911
16.7,-1.972,-0.209,1.745,0.436,-1.361,-0.157,-0.529333333333333,1.99318196192253,0.0233333333333333,0.35832434097244
16.75,-2.967,-0.367,2.007,0.489,-0.593,0.105,-0.517666666666667,2.48785556922691,0.0756666666666667,0.428753231280341
16.8,-3.857,-0.471,2.182,0.471,0.209,0.367,-0.488666666666667,3.07935615564899,0.122333333333333,0.516466197667702
16.85,-4.573,-0.541,2.234,0.401,1.03,0.646,-0.436333333333333,3.63268665498875,0.168666666666667,0.626678811939045
16.9,-5.131,-0.576,2.182,0.262,1.833,0.925,-0.372,4.12510739254144,0.203666666666667,0.752198333774632
16.95,-5.463,-0.541,2.042,0.07,2.548,1.169,-0.291,4.48622302165196,0.232666666666667,0.86652774527613
17,-5.568,-0.471,1.798,-0.157,3.194,1.396,-0.192,4.70778461699343,0.256,0.999674447007625
17.05,-5.428,-0.349,1.466,-0.401,3.718,1.553,-0.0813333333333333,4.76529215613621,0.267666666666667,1.11343492550455
17.1,-5.096,-0.192,1.065,-0.663,4.119,1.676,0.0293333333333332,4.69398661409823,0.273666666666667,1.23707895194015
17.15,-4.555,0,0.593,-0.942,4.363,1.71,0.133666666666667,4.47670876128137,0.256,1.34440618862009
17.2,-3.84,0.227,0.087,-1.204,4.433,1.693,0.226666666666667,4.13826803546282,0.238666666666667,1.44853523717352
17.25,-2.967,0.489,-0.436,-1.449,4.346,1.588,0.314333333333333,3.71379083058448,0.209333333333333,1.53769383601981
17.3,-1.99,0.768,-0.977,-1.658,4.119,1.449,0.384,3.27402061691737,0.186333333333333,1.63313022546683
17.35,-0.925,1.047,-1.501,-1.85,3.735,1.239,0.436333333333333,2.87120973342829,0.145333333333333,1.73067395350289
17.4,0.157,1.326,-2.007,-1.99,3.229,1.012,0.459666666666667,2.63108900140861,0.116,1.83059443897331
17.45,1.204,1.571,-2.426,-2.112,2.601,0.75,0.459666666666667,2.59484225596342,0.0696666666666666,1.93345864536414
17.5,2.199,1.798,-2.793,-2.164,1.902,0.471,0.436,2.80033622981241,0.035,2.01666382919911
17.55,3.072,1.972,-3.054,-2.182,1.152,0.192,0.39,3.13328134708647,-0.00599999999999999,2.08406621775797
17.6,3.822,2.077,-3.211,-2.164,0.367,-0.07,0.326,3.51667925748141,-0.0523333333333334,2.12055519459724
17.65,4.381,2.112,-3.246,-2.094,-0.419,-0.314,0.238666666666667,3.85579775576123,-0.0986666666666666,2.11125207716495
17.7,4.73,2.094,-3.176,-1.972,-1.152,-0.524,0.134,4.1068912817361,-0.134,2.06086486699153
17.75,4.887,1.99,-2.985,-1.815,-1.833,-0.698,0.0229999999999999,4.25154654214205,-0.174333333333333,1.95580580153893
17.8,4.8,1.85,-2.705,-1.623,-2.391,-0.838,-0.0986666666666667,4.24527388201672,-0.203666666666667,1.82132268786542
17.85,4.503,1.641,-2.339,-1.379,-2.827,-0.925,-0.221,4.0983738238477,-0.221,1.62843851587955
17.9,3.997,1.396,-1.885,-1.134,-3.142,-0.96,-0.343333333333333,3.81102116673908,-0.232666666666667,1.41314731480244
17.95,3.316,1.152,-1.396,-0.855,-3.281,-0.96,-0.453666666666667,3.39795472796995,-0.221,1.1902113257737
18,2.496,0.873,-0.855,-0.576,-3.246,-0.908,-0.535,2.884344119553,-0.203666666666667,0.947082009824563
18.05,1.536,0.611,-0.279,-0.314,-3.072,-0.82,-0.605,2.32123307748274,-0.174333333333333,0.725651661152466
18.1,0.506,0.349,0.279,-0.052,-2.74,-0.663,-0.651666666666667,1.81210770467247,-0.122,0.509618484751093
18.15,-0.559,0.105,0.82,0.157,-2.286,-0.489,-0.675,1.55624580320719,-0.0756666666666667,0.358900171821265
18.2,-1.623,-0.105,1.326,0.332,-1.728,-0.279,-0.675,1.73371191378499,-0.0173333333333333,0.314792524265322
18.25,-2.618,-0.279,1.763,0.436,-1.065,-0.035,-0.64,2.2212066540509,0.0406666666666667,0.363456095468673
18.3,-3.526,-0.419,2.112,0.489,-0.349,0.227,-0.587666666666667,2.8265672348864,0.099,0.467337137407247
18.35,-4.294,-0.524,2.374,0.471,0.384,0.506,-0.512,3.42310794454396,0.151,0.584829034846937
18.4,-4.887,-0.559,2.531,0.384,1.134,0.785,-0.407333333333333,3.94188563169117,0.203333333333333,0.689974154105307
18.45,-5.271,-0.559,2.548,0.244,1.85,1.047,-0.291,4.32690432064311,0.244,0.803
18.5,-5.445,-0.524,2.443,0.052,2.496,1.292,-0.168666666666667,4.56951554689699,0.273333333333333,0.92801149418169
18.55,-5.376,-0.419,2.234,-0.175,3.072,1.484,-0.0233333333333334,4.65444318187829,0.296666666666667,1.03547299980894
18.6,-5.114,-0.297,1.902,-0.436,3.56,1.623,0.116,4.60455383289196,0.296666666666667,1.15073903789405
18.65,-4.643,-0.122,1.484,-0.698,3.91,1.693,0.250333333333333,4.40793628961823,0.291,1.24785696295689
18.7,-3.979,0.105,0.977,-0.96,4.119,1.71,0.372333333333333,4.0827218045482,0.285,1.34407031066087
18.75,-3.176,0.349,0.419,-1.222,4.189,1.658,0.477333333333333,3.68284649874704,0.261666666666667,1.44198485891265
18.8,-2.234,0.611,-0.192,-1.466,4.084,1.536,0.552666666666667,3.22415528989119,0.227,1.53739812670629
18.85,-1.222,0.89,-0.82,-1.676,3.857,1.361,0.605,2.82347817416746,0.191666666666667,1.6345012491073
18.9,-0.175,1.169,-1.449,-1.868,3.491,1.134,0.622333333333333,2.56470375157314,0.145,1.7433969714325
18.95,0.855,1.431,-2.025,-2.007,3.002,0.89,0.610666666666667,2.52239099533227,0.104666666666667,1.8486541951737
19,1.85,1.676,-2.548,-2.112,2.409,0.628,0.570333333333333,2.71498109262907,0.0639999999999999,1.95596727988993
19.05,2.74,1.868,-2.985,-2.182,1.728,0.367,0.494333333333333,3.0553815364588,0.0176666666666667,2.04747413496077
19.1,3.508,2.025,-3.316,-2.182,1.012,0.105,0.401333333333333,3.45274229176365,-0.0173333333333333,2.10616626440871
19.15,4.119,2.094,-3.526,-2.164,0.262,-0.157,0.285,3.8225518963122,-0.0756666666666668,2.1301648605996
19.2,4.52,2.112,-3.613,-2.077,-0.471,-0.384,0.145333333333333,4.10138053993205,-0.116333333333333,2.1072883839981
19.25,4.73,2.059,-3.56,-1.955,-1.169,-0.576,0.000333333333333445,4.26691109976917,-0.157333333333333,2.03948776248678
19.3,4.712,1.937,-3.386,-1.798,-1.78,-0.733,-0.151333333333333,4.28763540116616,-0.198,1.92411668045366
19.35,4.503,1.763,-3.089,-1.606,-2.321,-0.855,-0.302333333333333,4.17921970388413,-0.232666666666667,1.76861932968441
19.4,4.084,1.553,-2.688,-1.361,-2.723,-0.942,-0.442333333333333,3.919958715769,-0.25,1.57543549534724
19.45,3.473,1.309,-2.199,-1.117,-2.985,-0.977,-0.570333333333333,3.52361424298026,-0.261666666666667,1.36203719968778
19.5,2.723,1.047,-1.623,-0.838,-3.107,-0.96,-0.669,3.02982045672677,-0.250333333333333,1.12517835623217
19.55,1.833,0.768,-1.012,-0.559,-3.072,-0.89,-0.750333333333333,2.46294708293405,-0.227,0.87744458514484
19.6,0.873,0.506,-0.367,-0.297,-2.88,-0.803,-0.791333333333333,1.91214443317793,-0.198,0.66009166030181
19.65,-0.157,0.262,0.297,-0.052,-2.566,-0.646,-0.808666666666667,1.53873140389521,-0.145333333333333,0.461139169159738
19.7,-1.187,0.017,0.908,0.175,-2.129,-0.471,-0.802666666666667,1.554550202899,-0.093,0.336755103895991
19.75,-2.164,-0.175,1.501,0.332,-1.588,-0.244,-0.750333333333333,1.97086791372059,-0.029,0.314532987141254
19.8,-3.072,-0.332,2.007,0.436,-0.96,0,-0.675,2.55146604915684,0.0346666666666667,0.385171823130059
19.85,-3.875,-0.454,2.426,0.489,-0.279,0.262,-0.576,3.1609819676803,0.099,0.492177813396744
19.9,-4.503,-0.541,2.723,0.471,0.436,0.541,-0.448,3.69321824429589,0.157,0.605498142028528
19.95,-4.939,-0.576,2.897,0.384,1.152,0.82,-0.296666666666667,4.11396406563467,0.209333333333333,0.71420258563893
20,-5.184,-0.559,2.915,0.244,1.833,1.082,-0.145333333333333,4.39702198463157,0.255666666666667,0.820562205645211
20.05,-5.219,-0.489,2.81,0.052,2.478,1.309,0.023,4.54273915165729,0.290666666666667,0.922454515590516
20.1,-5.044,-0.384,2.566,-0.175,3.037,1.501,0.186333333333333,4.53571938432409,0.314,1.03327005182576
20.15,-4.66,-0.244,2.199,-0.436,3.491,1.641,0.343333333333333,4.38090451086683,0.320333333333333,1.14775273179084
20.2,-4.102,-0.052,1.71,-0.698,3.84,1.71,0.482666666666667,4.11079084037772,0.32,1.24635628934908
20.25,-3.386,0.175,1.134,-0.96,4.032,1.71,0.593333333333333,3.73843835489277,0.308333333333333,1.33998445264612
20.3,-2.548,0.419,0.489,-1.204,4.084,1.641,0.675,3.31991008914398,0.285333333333333,1.42720227484871
20.35,-1.606,0.698,-0.209,-1.449,3.997,1.501,0.727333333333333,2.91649487113098,0.25,1.5251731049294
20.4,-0.611,0.977,-0.925,-1.658,3.77,1.309,0.744666666666667,2.62471528614692,0.209333333333333,1.62565566259689
20.45,0.384,1.257,-1.623,-1.85,3.403,1.1,0.721333333333333,2.52992378014306,0.169,1.75026655112871
20.5,1.361,1.518,-2.286,-1.99,2.915,0.838,0.663333333333333,2.66976671889761,0.122,1.86037845612123
20.55,2.251,1.745,-2.862,-2.112,2.339,0.576,0.576,2.97772043684426,0.0696666666666667,1.97772402860797
20.6,3.037,1.92,-3.351,-2.164,1.676,0.314,0.454,3.36475838657102,0.0233333333333333,2.05745700643618
20.65,3.683,2.042,-3.718,-2.199,0.977,0.052,0.314,3.74477996683383,-0.035,2.12183811823617
20.7,4.136,2.112,-3.927,-2.164,0.244,-0.209,0.151,4.03230442799152,-0.087,2.14060902548784
20.75,4.416,2.112,-3.997,-2.094,-0.471,-0.419,-0.0173333333333332,4.22480796407758,-0.133666666666667,2.11746790609287
20.8,4.485,2.025,-3.927,-1.99,-1.152,-0.611,-0.198,4.28637644170458,-0.192,2.0400311272135
20.85,4.328,1.902,-3.7,-1.833,-1.763,-0.768,-0.378333333333333,4.18929258149074,-0.233,1.92411668045366
20.9,3.979,1.71,-3.351,-1.641,-2.286,-0.89,-0.552666666666667,3.96049975802718,-0.273666666666667,1.75846533469765
20.95,3.438,1.484,-2.88,-1.414,-2.67,-0.942,-0.704,3.58861365989709,-0.290666666666667,1.55492036237659
21,2.758,1.239,-2.304,-1.169,-2.932,-0.977,-0.826,3.1196775474398,-0.302333333333333,1.33828148508949
21.05,1.92,0.977,-1.658,-0.908,-3.054,-0.942,-0.930666666666667,2.56552710633377,-0.291,1.09825179262317
21.1,0.995,0.716,-0.96,-0.628,-3.002,-0.855,-0.989,1.99865779962454,-0.255666666666667,0.849107963296384
21.15,0.017,0.436,-0.227,-0.367,-2.827,-0.733,-1.01233333333333,1.57627577959358,-0.221333333333333,0.597958471244729
21.2,-0.977,0.209,0.489,-0.105,-2.513,-0.576,-1.00033333333333,1.50113601426831,-0.157333333333333,0.395108002112503
21.25,-1.955,-0.017,1.152,0.105,-2.077,-0.367,-0.96,1.83006256723643,-0.093,0.245006122372483
21.3,-2.845,-0.209,1.78,0.297,-1.536,-0.14,-0.867,2.38397294447735,-0.0173333333333333,0.274398129245324
21.35,-3.613,-0.367,2.321,0.419,-0.908,0.14,-0.733333333333333,2.97085346884247,0.064,0.398473336623669
21.4,-4.259,-0.471,2.74,0.489,-0.227,0.419,-0.582,3.512978650661,0.145666666666667,0.535194668633137
21.45,-4.712,-0.541,3.019,0.489,0.489,0.698,-0.401333333333333,3.94165071173656,0.215333333333333,0.663287519355923
21.5,-4.974,-0.576,3.176,0.419,1.204,0.977,-0.198,4.25203809954709,0.273333333333333,0.786680578973025
21.55,-5.044,-0.541,3.176,0.279,1.885,1.222,0.00566666666666686,4.4205226312432,0.32,0.882214826445351
21.6,-4.887,-0.471,3.019,0.105,2.531,1.449,0.221,4.43038192484576,0.361,0.985267476373802
21.65,-4.555,-0.367,2.705,-0.105,3.089,1.588,0.413,4.30669618152941,0.372,1.0612035619993
21.7,-4.049,-0.209,2.286,-0.349,3.56,1.693,0.599,4.07537691508405,0.378333333333333,1.14068458976762
21.75,-3.386,-0.017,1.728,-0.611,3.892,1.71,0.744666666666667,3.737315792562,0.360666666666667,1.20570905832764
21.8,-2.601,0.209,1.1,-0.873,4.102,1.658,0.867,3.3575689121744,0.331333333333333,1.2699269007834
21.85,-1.728,0.471,0.384,-1.134,4.154,1.536,0.936666666666667,2.97969148291116,0.291,1.34407031066087
21.9,-0.785,0.733,-0.349,-1.379,4.049,1.379,0.971666666666667,2.673950136658,0.244333333333333,1.44247611187615
21.95,0.157,1.012,-1.117,-1.606,3.805,1.152,0.948333333333333,2.55463839580739,0.186,1.55349541357546
22,1.065,1.292,-1.833,-1.798,3.421,0.908,0.884333333333333,2.63165524591146,0.134,1.68414132423618
22.05,1.92,1.536,-2.513,-1.955,2.897,0.628,0.768,2.88311515552189,0.0696666666666667,1.81123502984382
22.1,2.67,1.763,-3.107,-2.077,2.286,0.367,0.616333333333333,3.23021242851509,0.0176666666666666,1.94368858959797
22.15,3.299,1.937,-3.578,-2.147,1.606,0.087,0.442333333333333,3.5831372194396,-0.0409999999999999,2.04500660145634
22.2,3.77,2.059,-3.927,-2.182,0.855,-0.157,0.232666666666667,3.88605536930875,-0.0933333333333333,2.1212167106011
22.25,4.067,2.112,-4.119,-2.182,0.105,-0.384,0.0176666666666668,4.09369873504797,-0.151333333333333,2.15643440274295
22.3,4.171,2.094,-4.136,-2.129,-0.646,-0.593,-0.203666666666667,4.17112770522953,-0.209333333333333,2.13748270948172
22.35,4.067,2.025,-4.014,-2.025,-1.361,-0.75,-0.436,4.11914542107947,-0.25,2.07077883898788
22.4,3.805,1.885,-3.735,-1.885,-1.99,-0.873,-0.64,3.94712236952441,-0.291,1.95122218109574
22.45,3.351,1.693,-3.334,-1.71,-2.513,-0.942,-0.832,3.64576836894502,-0.319666666666667,1.78481829140485
22.5,2.758,1.484,-2.81,-1.501,-2.915,-0.977,-0.989,3.24542185239454,-0.331333333333333,1.59380686826646
22.55,2.025,1.222,-2.199,-1.257,-3.159,-0.942,-1.111,2.75794706258115,-0.325666666666667,1.34954078609479
22.6,1.204,0.96,-1.518,-0.995,-3.246,-0.873,-1.18666666666667,2.24342624869491,-0.302666666666667,1.09520150352953
22.65,0.314,0.698,-0.803,-0.716,-3.176,-0.768,-1.22166666666667,1.78226999451075,-0.262,0.831790839093579
22.7,-0.593,0.436,-0.07,-0.436,-2.95,-0.611,-1.20433333333333,1.53424128915022,-0.203666666666667,0.560835388802573
22.75,-1.484,0.192,0.646,-0.192,-2.566,-0.401,-1.13466666666667,1.63424641144882,-0.133666666666667,0.300772893282179
22.8,-2.321,-0.035,1.326,0.052,-2.077,-0.175,-1.024,2.03881313513524,-0.0526666666666667,0.114526561693492
22.85,-3.072,-0.227,1.92,0.244,-1.466,0.087,-0.872666666666667,2.54834246782754,0.0346666666666667,0.239821461369356
22.9,-3.7,-0.367,2.426,0.384,-0.768,0.349,-0.680666666666667,3.06393363722737,0.122,0.423847850059429
22.95,-4.171,-0.489,2.827,0.471,-0.017,0.646,-0.453666666666667,3.51937627049643,0.209333333333333,0.611071463360329
23,-4.485,-0.559,3.072,0.489,0.75,0.908,-0.221,3.87094213338303,0.279333333333333,0.755640346549424
23.05,-4.608,-0.576,3.194,0.436,1.518,1.169,0.0346666666666668,4.10706821629899,0.343,0.876209449846325
23.1,-4.555,-0.541,3.142,0.332,2.251,1.379,0.279333333333333,4.21029147842918,0.39,0.961313164374649
23.15,-4.328,-0.471,2.95,0.175,2.915,1.553,0.512333333333333,4.19188815849533,0.419,1.03382590410572
23.2,-3.927,-0.349,2.618,-0.035,3.491,1.676,0.727333333333333,4.05433673161632,0.430666666666667,1.08985794181321
23.25,-3.403,-0.192,2.182,-0.279,3.962,1.71,0.913666666666667,3.84282556634221,0.413,1.12407695466102
23.3,-2.74,0,1.606,-0.541,4.276,1.693,1.04733333333333,3.54120676229634,0.384,1.16545313076074
23.35,-1.99,0.227,0.977,-0.803,4.433,1.588,1.14,3.2146009083555,0.337333333333333,1.19931244191551
23.4,-1.169,0.489,0.262,-1.065,4.416,1.449,1.16966666666667,2.901025738137,0.291,1.2686417934153
23.45,-0.332,0.768,-0.471,-1.326,4.241,1.239,1.146,2.68124952214448,0.227,1.36539994140911
23.5,0.506,1.03,-1.204,-1.553,3.892,1.012,1.06466666666667,2.59352758484141,0.163,1.48612684519189
23.55,1.309,1.309,-1.92,-1.745,3.421,0.75,0.936666666666667,2.68989671425007,0.104666666666667,1.62605975699952
23.6,2.025,1.553,-2.566,-1.92,2.81,0.471,0.756333333333333,2.90387333286652,0.0346666666666667,1.7771388053085
23.65,2.635,1.78,-3.124,-2.059,2.094,0.209,0.535,3.18031146273443,-0.0233333333333334,1.9300166665947
23.7,3.142,1.937,-3.56,-2.147,1.309,-0.052,0.297,3.46371318096635,-0.0873333333333332,2.04222925582152
23.75,3.491,2.059,-3.875,-2.182,0.489,-0.279,0.035,3.70392710511425,-0.134,2.12421491379757
23.8,3.665,2.112,-4.032,-2.182,-0.332,-0.489,-0.233,3.8494548964756,-0.186333333333333,2.1629411303439
23.85,3.683,2.094,-4.049,-2.129,-1.134,-0.681,-0.5,3.90479487297348,-0.238666666666667,2.14596745859142
23.9,3.543,2.025,-3.91,-2.042,-1.868,-0.82,-0.745,3.85131782640696,-0.279,2.08677574262305
23.95,3.246,1.885,-3.63,-1.902,-2.496,-0.908,-0.96,3.68636894518169,-0.308333333333333,1.96342617211173
24,2.81,1.693,-3.211,-1.71,-3.002,-0.96,-1.13433333333333,3.41749094122184,-0.325666666666667,1.78798387390192
24.05,2.251,1.466,-2.705,-1.501,-3.351,-0.96,-1.26833333333333,3.06489956333537,-0.331666666666667,1.58015009835564
24.1,1.588,1.222,-2.094,-1.257,-3.526,-0.925,-1.344,2.63820469258926,-0.32,1.3456890428327
24.15,0.855,0.96,-1.431,-0.995,-3.526,-0.838,-1.36733333333333,2.19119381464382,-0.291,1.086238003386
24.2,0.07,0.698,-0.716,-0.716,-3.351,-0.698,-1.33233333333333,1.79184551045377,-0.238666666666667,0.811227054118225
24.25,-0.733,0.436,0,-0.436,-3.019,-0.524,-1.25066666666667,1.5746664197008,-0.174666666666667,0.530680066832487
24.3,-1.501,0.192,0.698,-0.175,-2.548,-0.314,-1.117,1.6567199521947,-0.099,0.261421116209077
24.35,-2.217,-0.035,1.361,0.052,-1.937,-0.07,-0.931,1.98986130169919,-0.0176666666666667,0.0628198482434758
24.4,-2.862,-0.209,1.937,0.244,-1.222,0.192,-0.715666666666667,2.43923765413158,0.0756666666666667,0.24789581144774
24.45,-3.386,-0.367,2.426,0.401,-0.436,0.471,-0.465333333333333,2.90611103251981,0.168333333333333,0.464931536178536
24.5,-3.77,-0.471,2.81,0.471,0.384,0.75,-0.192,3.32760153864612,0.25,0.63979762425317
24.55,-3.997,-0.541,3.037,0.489,1.222,1.012,0.0873333333333333,3.65169691148284,0.32,0.790172765918948
24.6,-4.084,-0.576,3.142,0.436,2.025,1.257,0.361,3.88978675508054,0.372333333333333,0.91815703086854
24.65,-3.997,-0.541,3.072,0.314,2.793,1.449,0.622666666666667,4.00318002759473,0.407333333333333,0.998277683479568
24.7,-3.77,-0.471,2.88,0.14,3.456,1.606,0.855333333333333,4.0159961819371,0.425,1.06742728089552
24.75,-3.403,-0.367,2.548,-0.07,3.997,1.693,1.04733333333333,3.92160685603916,0.418666666666667,1.11355122618285
24.8,-2.915,-0.209,2.094,-0.314,4.398,1.71,1.19233333333333,3.73894962968657,0.395666666666667,1.13945615682804
24.85,-2.339,-0.017,1.518,-0.576,4.625,1.658,1.268,3.48872455203904,0.355,1.16253042970926
24.9,-1.676,0.209,0.89,-0.838,4.677,1.553,1.297,3.19599577596717,0.308,1.19857039843307
24.95,-0.977,0.471,0.192,-1.1,4.555,1.379,1.25666666666667,2.91562897731061,0.25,1.2541893796393
25,-0.262,0.733,-0.541,-1.361,4.259,1.152,1.152,2.6943546537158,0.174666666666667,1.34632623584826
25.05,NA,NA,-1.257,-1.588,3.822,0.908,1.2825,3.59139534164647,-0.34,1.76493852584162
25.1,NA,NA,NA,NA,3.246,0.646,3.246,NA,0.646,NA
25.15,NA,NA,NA,NA,NA,NA,NA,NA,NA,NA
25.2,NA,NA,NA,NA,NA,NA,NA,NA,NA,NA
25.25,NA,NA,NA,NA,NA,NA,NA,NA,NA,NA
25.3,NA,NA,NA,NA,NA,NA,NA,NA,NA,NA
25.35,NA,NA,NA,NA,NA,NA,NA,NA,NA,NA
25.4,NA,NA,NA,NA,NA,NA,NA,NA,NA,NA
25.45,NA,NA,NA,NA,NA,NA,NA,NA,NA,NA
25.5,NA,NA,NA,NA,NA,NA,NA,NA,NA,NA
25.55,NA,NA,NA,NA,NA,NA,NA,NA,NA,NA
25.6,NA,NA,NA,NA,NA,NA,NA,NA,NA,NA
25.65,NA,NA,NA,NA,NA,NA,NA,NA,NA,NA
25.7,NA,NA,NA,NA,NA,NA,NA,NA,NA,NA
25.75,NA,NA,NA,NA,NA,NA,NA,NA,NA,NA
25.8,NA,NA,NA,NA,NA,NA,NA,NA,NA,NA
25.85,NA,NA,NA,NA,NA,NA,NA,NA,NA,NA
25.9,NA,NA,NA,NA,NA,NA,NA,NA,NA,NA
25.95,NA,NA,NA,NA,NA,NA,NA,NA,NA,NA
26,NA,NA,NA,NA,NA,NA,NA,NA,NA,NA
26.05,NA,NA,NA,NA,NA,NA,NA,NA,NA,NA
26.1,NA,NA,NA,NA,NA,NA,NA,NA,NA,NA
26.15,NA,NA,NA,NA,NA,NA,NA,NA,NA,NA
26.2,NA,NA,NA,NA,NA,NA,NA,NA,NA,NA
26.25,NA,NA,NA,NA,NA,NA,NA,NA,NA,NA
26.3,NA,NA,NA,NA,NA,NA,NA,NA,NA,NA
26.35,NA,NA,NA,NA,NA,NA,NA,NA,NA,NA
26.4,NA,NA,NA,NA,NA,NA,NA,NA,NA,NA
26.45,NA,NA,NA,NA,NA,NA,NA,NA,NA,NA
26.5,NA,NA,NA,NA,NA,NA,NA,NA,NA,NA
26.55,NA,NA,NA,NA,NA,NA,NA,NA,NA,NA
26.6,NA,NA,NA,NA,NA,NA,NA,NA,NA,NA
26.65,NA,NA,NA,NA,NA,NA,NA,NA,NA,NA
26.7,NA,NA,NA,NA,NA,NA,NA,NA,NA,NA
26.75,NA,NA,NA,NA,NA,NA,NA,NA,NA,NA
26.8,NA,NA,NA,NA,NA,NA,NA,NA,NA,NA
26.85,NA,NA,NA,NA,NA,NA,NA,NA,NA,NA
26.9,NA,NA,NA,NA,NA,NA,NA,NA,NA,NA
26.95,NA,NA,NA,NA,NA,NA,NA,NA,NA,NA
27,NA,NA,NA,NA,NA,NA,NA,NA,NA,NA
27.05,NA,NA,NA,NA,NA,NA,NA,NA,NA,NA
27.1,NA,NA,NA,NA,NA,NA,NA,NA,NA,NA
27.15,NA,NA,NA,NA,NA,NA,NA,NA,NA,NA
27.2,NA,NA,NA,NA,NA,NA,NA,NA,NA,NA
27.25,NA,NA,NA,NA,NA,NA,NA,NA,NA,NA
27.3,NA,NA,NA,NA,NA,NA,NA,NA,NA,NA
27.35,NA,NA,NA,NA,NA,NA,NA,NA,NA,NA
27.4,NA,NA,NA,NA,NA,NA,NA,NA,NA,NA
27.45,NA,NA,NA,NA,NA,NA,NA,NA,NA,NA
27.5,NA,NA,NA,NA,NA,NA,NA,NA,NA,NA
27.55,NA,NA,NA,NA,NA,NA,NA,NA,NA,NA
27.6,NA,NA,NA,NA,NA,NA,NA,NA,NA,NA
27.65,NA,NA,NA,NA,NA,NA,NA,NA,NA,NA
27.7,NA,NA,NA,NA,NA,NA,NA,NA,NA,NA
27.75,NA,NA,NA,NA,NA,NA,NA,NA,NA,NA
27.8,NA,NA,NA,NA,NA,NA,NA,NA,NA,NA
27.85,NA,NA,NA,NA,NA,NA,NA,NA,NA,NA
27.9,NA,NA,NA,NA,NA,NA,NA,NA,NA,NA
27.95,NA,NA,NA,NA,NA,NA,NA,NA,NA,NA
28,NA,NA,NA,NA,NA,NA,NA,NA,NA,NA
28.05,NA,NA,NA,NA,NA,NA,NA,NA,NA,NA
28.1,NA,NA,NA,NA,NA,NA,NA,NA,NA,NA
28.15,NA,NA,NA,NA,NA,NA,NA,NA,NA,NA
28.2,NA,NA,NA,NA,NA,NA,NA,NA,NA,NA
28.25,NA,NA,NA,NA,NA,NA,NA,NA,NA,NA
28.3,NA,NA,NA,NA,NA,NA,NA,NA,NA,NA
28.35,NA,NA,NA,NA,NA,NA,NA,NA,NA,NA
28.4,NA,NA,NA,NA,NA,NA,NA,NA,NA,NA
28.45,NA,NA,NA,NA,NA,NA,NA,NA,NA,NA
28.5,NA,NA,NA,NA,NA,NA,NA,NA,NA,NA
28.55,NA,NA,NA,NA,NA,NA,NA,NA,NA,NA
28.6,NA,NA,NA,NA,NA,NA,NA,NA,NA,NA
28.65,NA,NA,NA,NA,NA,NA,NA,NA,NA,NA
28.7,NA,NA,NA,NA,NA,NA,NA,NA,NA,NA
28.75,NA,NA,NA,NA,NA,NA,NA,NA,NA,NA
28.8,NA,NA,NA,NA,NA,NA,NA,NA,NA,NA
28.85,NA,NA,NA,NA,NA,NA,NA,NA,NA,NA
28.9,NA,NA,NA,NA,NA,NA,NA,NA,NA,NA
28.95,NA,NA,NA,NA,NA,NA,NA,NA,NA,NA
29,NA,NA,NA,NA,NA,NA,NA,NA,NA,NA
29.05,NA,NA,NA,NA,NA,NA,NA,NA,NA,NA
29.1,NA,NA,NA,NA,NA,NA,NA,NA,NA,NA
29.15,NA,NA,NA,NA,NA,NA,NA,NA,NA,NA
29.2,NA,NA,NA,NA,NA,NA,NA,NA,NA,NA
29.25,NA,NA,NA,NA,NA,NA,NA,NA,NA,NA
29.3,NA,NA,NA,NA,NA,NA,NA,NA,NA,NA
29.35,NA,NA,NA,NA,NA,NA,NA,NA,NA,NA
29.4,NA,NA,NA,NA,NA,NA,NA,NA,NA,NA
29.45,NA,NA,NA,NA,NA,NA,NA,NA,NA,NA
29.5,NA,NA,NA,NA,NA,NA,NA,NA,NA,NA
29.55,NA,NA,NA,NA,NA,NA,NA,NA,NA,NA
29.6,NA,NA,NA,NA,NA,NA,NA,NA,NA,NA
29.65,NA,NA,NA,NA,NA,NA,NA,NA,NA,NA
29.7,NA,NA,NA,NA,NA,NA,NA,NA,NA,NA
29.75,NA,NA,NA,NA,NA,NA,NA,NA,NA,NA
29.8,NA,NA,NA,NA,NA,NA,NA,NA,NA,NA
29.85,NA,NA,NA,NA,NA,NA,NA,NA,NA,NA
29.9,NA,NA,NA,NA,NA,NA,NA,NA,NA,NA
29.95,NA,NA,NA,NA,NA,NA,NA,NA,NA,NA
30,NA,NA,NA,NA,NA,NA,NA,NA,NA,NA
30.05,NA,NA,NA,NA,NA,NA,NA,NA,NA,NA
30.1,NA,NA,NA,NA,NA,NA,NA,NA,NA,NA
30.15,NA,NA,NA,NA,NA,NA,NA,NA,NA,NA
30.2,NA,NA,NA,NA,NA,NA,NA,NA,NA,NA
30.25,NA,NA,NA,NA,NA,NA,NA,NA,NA,NA
30.3,NA,NA,NA,NA,NA,NA,NA,NA,NA,NA
30.35,NA,NA,NA,NA,NA,NA,NA,NA,NA,NA
30.4,NA,NA,NA,NA,NA,NA,NA,NA,NA,NA
30.45,NA,NA,NA,NA,NA,NA,NA,NA,NA,NA
30.5,NA,NA,NA,NA,NA,NA,NA,NA,NA,NA
30.55,NA,NA,NA,NA,NA,NA,NA,NA,NA,NA
NA,NA,NA,NA,NA,NA,NA,NA,NA,NA,NA
