"Time (s) Run #1";"Angle, Ch 1+2 (rad) Run #1";"Angle, Ch 3+4 (rad) Run #1";"Output Voltage (V) Run #1";"Output Current (A) Run #1";"Time (s) Run #2";"Angle, Ch 1+2 (rad) Run #2";"Angle, Ch 3+4 (rad) Run #2";"Output Voltage (V) Run #2";"Output Current (A) Run #2";"Time (s) Run #3";"Angle, Ch 1+2 (rad) Run #3";"Angle, Ch 3+4 (rad) Run #3";"Output Voltage (V) Run #3";"Output Current (A) Run #3";"Time (s) Run #4";"Angle, Ch 1+2 (rad) Run #4";"Angle, Ch 3+4 (rad) Run #4";"Output Voltage (V) Run #4";"Output Current (A) Run #4";"Time (s) Run #5";"Angle, Ch 1+2 (rad) Run #5";"Angle, Ch 3+4 (rad) Run #5";"Output Voltage (V) Run #5";"Output Current (A) Run #5";"Time (s) Run #6";"Angle, Ch 1+2 (rad) Run #6";"Angle, Ch 3+4 (rad) Run #6";"Output Voltage (V) Run #6";"Output Current (A) Run #6";"Time (s) Run #7";"Angle, Ch 1+2 (rad) Run #7";"Angle, Ch 3+4 (rad) Run #7";"Output Voltage (V) Run #7";"Output Current (A) Run #7";"Time (s) Run #8";"Angle, Ch 1+2 (rad) Run #8";"Angle, Ch 3+4 (rad) Run #8";"Output Voltage (V) Run #8";"Output Current (A) Run #8";"Time (s) Run #9";"Angle, Ch 1+2 (rad) Run #9";"Angle, Ch 3+4 (rad) Run #9";"Output Voltage (V) Run #9";"Output Current (A) Run #9";"Time (s) Run #10";"Angle, Ch 1+2 (rad) Run #10";"Angle, Ch 3+4 (rad) Run #10";"Output Voltage (V) Run #10";"Output Current (A) Run #10"
0,000;-0,052;0,000;-0,005;0,006;0,000;-0,175;0,000;-0,005;0,006;0,000;-0,157;0,000;-0,005;0,006;0,000;0,000;0,000;-0,005;0,006;0,000;-0,087;0,000;-0,005;0,006;0,000;-0,122;0,000;-0,005;0,006;0,000;0,000;0,017;-0,005;0,006;0,000;0,000;0,000;-0,005;0,006;0,000;0,000;0,000;-0,006;0,006;0,000;0,000;0,000;-0,005;0,006
0,050;-0,157;0,000;-0,005;0,006;0,050;-0,332;0,000;-0,005;0,006;0,050;-0,297;0,000;-0,005;0,006;0,050;-0,017;0,000;-0,005;0,006;0,050;-0,209;0,000;-0,005;0,006;0,050;-0,244;0,000;-0,005;0,006;0,050;0,000;0,017;-0,005;0,006;0,050;-0,017;0,000;-0,005;0,006;0,050;0,000;0,000;-0,005;0,006;0,050;0,000;0,000;-0,005;0,006
0,100;-0,314;0,000;-0,005;0,006;0,100;-0,436;0,000;-0,005;0,006;0,100;-0,436;0,000;-0,005;0,006;0,100;-0,035;0,000;-0,005;0,006;0,100;-0,349;0,000;-0,005;0,006;0,100;-0,401;0,000;-0,005;0,006;0,100;0,000;0,017;-0,005;0,006;0,100;0,000;0,000;-0,005;0,006;0,100;0,000;0,000;-0,005;0,006;0,100;0,000;0,000;-0,005;0,006
0,150;-0,489;0,000;-0,005;0,006;0,150;-0,506;0,000;-0,005;0,006;0,150;-0,628;0,000;-0,005;0,006;0,150;-0,070;0,000;-0,005;0,006;0,150;-0,541;0,000;-0,005;0,006;0,150;-0,541;0,000;-0,006;0,006;0,150;0,000;0,017;-0,005;0,006;0,150;0,000;0,000;-0,005;0,006;0,150;0,000;0,000;-0,006;0,006;0,150;0,000;0,000;-0,005;0,006
0,200;-0,646;0,000;-0,005;0,006;0,200;-0,576;0,000;-0,005;0,006;0,200;-0,838;-0,017;-0,005;0,006;0,200;-0,122;0,000;-0,005;0,006;0,200;-0,733;0,000;-0,005;0,006;0,200;-0,646;0,000;-0,005;0,006;0,200;0,000;0,017;-0,005;0,006;0,200;0,000;0,000;-0,005;0,006;0,200;0,017;0,000;-0,005;0,006;0,200;0,000;0,000;-0,005;0,006
0,250;-0,785;0,000;-0,005;0,006;0,250;-0,628;0,000;-0,005;0,006;0,250;-1,065;-0,017;-0,005;0,006;0,250;-0,209;0,000;-0,005;0,006;0,250;-0,942;0,000;-0,005;0,006;0,250;-0,785;0,000;-0,005;0,006;0,250;0,000;0,017;-0,005;0,006;0,250;-0,052;0,000;-0,005;0,006;0,250;0,017;0,000;-0,005;0,006;0,250;0,000;0,000;-0,005;0,006
0,300;-0,925;0,000;-0,005;0,006;0,300;-0,681;0,000;-0,005;0,006;0,300;-1,292;-0,017;-0,005;0,006;0,300;-0,332;0,000;-0,005;0,006;0,300;-1,065;0,000;-0,005;0,006;0,300;-0,942;-0,017;-0,005;0,006;0,300;0,000;0,017;-0,005;0,006;0,300;-0,227;0,000;-0,005;0,006;0,300;0,000;0,000;-0,006;0,006;0,300;0,000;0,000;-0,005;0,006
0,350;-1,047;0,000;-0,005;0,006;0,350;-0,785;-0,017;-0,005;0,006;0,350;-1,466;-0,017;-0,005;0,006;0,350;-0,471;0,000;-0,005;0,006;0,350;-1,239;0,000;-0,005;0,006;0,350;-1,117;-0,017;-0,005;0,006;0,350;0,000;0,017;-0,005;0,006;0,350;-0,419;0,000;-0,005;0,006;0,350;-0,035;0,000;-0,005;0,006;0,350;0,000;0,000;-0,005;0,006
0,400;-1,134;-0,017;-0,005;0,006;0,400;-0,890;-0,017;-0,005;0,006;0,400;-1,623;-0,017;-0,005;0,006;0,400;-0,681;0,000;-0,005;0,006;0,400;-1,431;-0,017;-0,005;0,006;0,400;-1,292;-0,017;-0,005;0,006;0,400;0,000;0,017;-0,005;0,006;0,400;-0,628;0,000;-0,005;0,006;0,400;-0,087;0,000;-0,005;0,006;0,400;0,000;0,000;-0,005;0,006
0,450;-1,222;-0,017;-0,005;0,006;0,450;-1,047;-0,017;-0,005;0,006;0,450;-1,763;-0,017;-0,005;0,006;0,450;-0,890;0,000;-0,005;0,006;0,450;-1,676;-0,017;-0,005;0,006;0,450;-1,501;-0,017;-0,005;0,006;0,450;0,000;0,017;-0,005;0,006;0,450;-0,855;0,000;-0,005;0,006;0,450;-0,175;0,000;-0,005;0,006;0,450;0,017;0,000;-0,006;0,006
0,500;-1,344;-0,017;-0,005;0,006;0,500;-1,222;-0,017;-0,005;0,006;0,500;-1,833;-0,017;-0,005;0,006;0,500;-1,082;0,000;-0,005;0,006;0,500;-1,920;-0,017;-0,005;0,006;0,500;-1,658;-0,017;-0,005;0,006;0,500;0,000;0,017;-0,005;0,006;0,500;-1,117;0,000;-0,005;0,006;0,500;-0,349;0,000;-0,005;0,006;0,500;0,017;0,000;-0,005;0,006
0,550;-1,466;-0,017;-0,005;0,006;0,550;-1,379;-0,017;-0,005;0,006;0,550;-1,902;-0,017;-0,005;0,006;0,550;-1,239;0,000;-0,005;0,006;0,550;-2,147;-0,017;-0,005;0,006;0,550;-1,780;-0,017;-0,006;0,006;0,550;0,000;0,017;-0,005;0,006;0,550;-1,379;0,000;-0,005;0,006;0,550;-0,628;0,000;-0,005;0,006;0,550;0,000;0,000;-0,005;0,006
0,600;-1,588;-0,017;-0,005;0,006;0,600;-1,518;-0,017;-0,005;0,006;0,600;-1,990;-0,017;-0,005;0,006;0,600;-1,396;0,000;-0,005;0,006;0,600;-2,321;-0,017;-0,005;0,006;0,600;-1,885;-0,017;-0,005;0,006;0,600;0,000;0,017;-0,005;0,006;0,600;-1,641;-0,017;-0,005;0,006;0,600;-0,977;0,000;-0,005;0,006;0,600;0,000;0,000;-0,005;0,006
0,650;-1,693;-0,017;-0,005;0,006;0,650;-1,676;-0,017;-0,005;0,006;0,650;-2,042;-0,017;-0,005;0,006;0,650;-1,571;-0,017;-0,005;0,006;0,650;-2,374;-0,017;-0,005;0,006;0,650;-1,955;-0,017;-0,005;0,006;0,650;0,000;0,017;-0,005;0,006;0,650;-1,902;-0,017;-0,005;0,006;0,650;-1,292;0,000;-0,005;0,006;0,650;-0,017;0,000;-0,005;0,006
0,700;-1,798;-0,017;-0,005;0,006;0,700;-1,780;-0,017;-0,005;0,006;0,700;-2,025;-0,017;-0,005;0,006;0,700;-1,745;-0,017;-0,005;0,006;0,700;-2,304;-0,017;-0,005;0,006;0,700;-2,007;-0,017;-0,005;0,006;0,700;0,017;0,017;-0,005;0,006;0,700;-2,217;-0,017;-0,005;0,006;0,700;-1,588;0,000;-0,006;0,006;0,700;-0,017;0,000;-0,005;0,006
0,750;-1,885;-0,017;-0,005;0,006;0,750;-1,850;-0,017;-0,005;0,006;0,750;-1,885;-0,017;-0,005;0,006;0,750;-1,937;-0,017;-0,005;0,006;0,750;-2,112;-0,017;-0,005;0,006;0,750;-2,042;-0,017;-0,005;0,006;0,750;0,017;0,017;-0,005;0,006;0,750;-2,548;-0,017;-0,005;0,006;0,750;-1,990;-0,017;-0,005;0,006;0,750;-0,035;0,000;-0,005;0,006
0,800;-1,990;-0,017;-0,005;0,006;0,800;-1,868;-0,017;-0,005;0,006;0,800;-1,623;-0,017;-0,005;0,006;0,800;-2,129;-0,017;-0,005;0,006;0,800;-1,850;-0,017;-0,005;0,006;0,800;-2,059;-0,017;-0,005;0,006;0,800;0,017;0,017;-0,005;0,006;0,800;-3,002;-0,017;-0,005;0,006;0,800;-2,461;-0,017;-0,005;0,006;0,800;-0,070;0,000;-0,005;0,006
0,850;-2,059;-0,017;-0,005;0,006;0,850;-1,780;-0,017;-0,005;0,006;0,850;-1,292;-0,017;-0,005;0,006;0,850;-2,217;-0,017;-0,005;0,006;0,850;-1,484;-0,017;-0,005;0,006;0,850;-2,042;-0,017;-0,005;0,006;0,850;0,017;0,017;-0,005;0,006;0,850;-3,508;-0,017;-0,005;0,006;0,850;-3,054;-0,017;-0,005;0,006;0,850;-0,192;0,000;-0,005;0,006
0,900;-2,112;-0,017;-0,005;0,006;0,900;-1,588;-0,017;-0,005;0,006;0,900;-0,873;-0,017;-0,005;0,006;0,900;-2,286;-0,017;-0,005;0,006;0,900;-1,047;-0,017;-0,005;0,006;0,900;-1,937;-0,017;-0,006;0,006;0,900;-0,017;0,017;-0,005;0,006;0,900;-3,857;-0,017;-0,005;0,006;0,900;-3,578;-0,017;-0,005;0,006;0,900;-0,401;0,000;-0,005;0,006
0,950;-2,164;-0,017;-0,005;0,006;0,950;-1,326;-0,017;-0,005;0,006;0,950;-0,384;-0,017;-0,005;0,006;0,950;-2,356;-0,017;-0,005;0,006;0,950;-0,576;-0,017;-0,005;0,006;0,950;-1,710;-0,017;-0,006;0,006;0,950;-0,140;0,017;-0,005;0,006;0,950;-4,014;-0,017;-0,005;0,006;0,950;-3,910;-0,017;-0,005;0,006;0,950;-0,733;0,000;-0,005;0,006
1,000;-2,182;-0,017;-0,005;0,006;1,000;-0,977;-0,017;-0,005;0,006;1,000;0,122;-0,017;-0,005;0,006;1,000;-2,391;-0,017;-0,005;0,006;1,000;-0,087;0,000;-0,005;0,006;1,000;-1,379;-0,017;-0,005;0,006;1,000;-0,332;0,017;-0,005;0,006;1,000;-3,962;-0,017;-0,005;0,006;1,000;-4,049;-0,017;-0,005;0,006;1,000;-1,117;0,000;-0,005;0,006
1,050;-2,234;-0,017;-0,005;0,006;1,050;-0,576;-0,017;-0,005;0,006;1,050;0,646;0,000;-0,005;0,006;1,050;-2,409;-0,017;-0,005;0,006;1,050;0,419;0,000;-0,005;0,006;1,050;-0,977;-0,017;-0,005;0,006;1,050;-0,559;0,017;-0,005;0,006;1,050;-3,718;-0,017;-0,005;0,006;1,050;-3,979;-0,017;-0,005;0,006;1,050;-1,518;0,000;-0,005;0,006
1,100;-2,269;-0,017;-0,005;0,006;1,100;-0,140;-0,017;-0,005;0,006;1,100;1,152;0,000;-0,005;0,006;1,100;-2,374;-0,017;-0,005;0,006;1,100;0,890;0,000;-0,005;0,006;1,100;-0,524;-0,017;-0,005;0,006;1,100;-0,855;0,017;-0,005;0,006;1,100;-3,316;-0,017;-0,005;0,006;1,100;-3,735;-0,017;-0,005;0,006;1,100;-2,007;-0,017;-0,005;0,006
1,150;-2,164;-0,017;-0,005;0,006;1,150;0,314;0,000;-0,005;0,006;1,150;1,623;0,000;-0,005;0,006;1,150;-2,217;-0,017;-0,005;0,006;1,150;1,309;0,000;-0,005;0,006;1,150;-0,017;0,000;-0,005;0,006;1,150;-1,152;0,017;-0,005;0,006;1,150;-2,740;-0,017;-0,005;0,006;1,150;-3,299;-0,017;-0,005;0,006;1,150;-2,531;-0,017;-0,005;0,006
1,200;-1,972;-0,017;-0,005;0,006;1,200;0,768;0,000;-0,005;0,006;1,200;2,025;0,000;-0,005;0,006;1,200;-1,972;-0,017;-0,005;0,006;1,200;1,658;0,000;-0,005;0,006;1,200;0,489;0,000;-0,005;0,006;1,200;-1,361;0,000;-0,005;0,006;1,200;-2,059;-0,017;-0,005;0,006;1,200;-2,705;-0,017;-0,005;0,006;1,200;-3,194;-0,017;-0,005;0,006
1,250;-1,658;-0,017;-0,005;0,006;1,250;1,204;0,000;-0,005;0,006;1,250;2,339;0,000;-0,005;0,006;1,250;-1,623;-0,017;-0,005;0,006;1,250;1,902;0,000;-0,005;0,006;1,250;0,995;0,000;-0,005;0,006;1,250;-1,518;0,000;-0,005;0,006;1,250;-1,292;-0,017;-0,005;0,006;1,250;-2,007;-0,017;-0,005;0,006;1,250;-3,752;-0,017;-0,005;0,006
1,300;-1,274;-0,017;-0,005;0,006;1,300;1,571;0,000;-0,005;0,006;1,300;2,548;0,000;-0,005;0,006;1,300;-1,204;-0,017;-0,005;0,006;1,300;2,042;0,000;-0,005;0,006;1,300;1,466;0,000;-0,005;0,006;1,300;-1,710;0,000;-0,005;0,006;1,300;-0,454;-0,017;-0,005;0,006;1,300;-1,204;-0,017;-0,005;0,006;1,300;-4,119;-0,017;-0,005;0,006
1,350;-0,820;-0,017;-0,005;0,006;1,350;1,885;0,000;-0,005;0,006;1,350;2,653;0,000;-0,005;0,006;1,350;-0,750;-0,017;-0,005;0,006;1,350;2,059;0,000;-0,005;0,006;1,350;1,868;0,000;-0,005;0,006;1,350;-1,885;0,000;-0,005;0,006;1,350;0,384;0,000;-0,005;0,006;1,350;-0,367;0,000;-0,005;0,006;1,350;-4,276;-0,017;-0,005;0,006
1,400;-0,332;-0,017;-0,005;0,006;1,400;2,094;0,000;-0,005;0,006;1,400;2,653;0,000;-0,005;0,006;1,400;-0,244;-0,017;-0,005;0,006;1,400;1,972;0,000;-0,005;0,006;1,400;2,199;0,000;-0,005;0,006;1,400;-2,094;0,000;-0,005;0,006;1,400;1,187;0,000;-0,005;0,006;1,400;0,489;0,000;-0,005;0,006;1,400;-4,224;-0,017;-0,005;0,006
1,450;0,192;0,000;-0,005;0,006;1,450;2,234;0,000;-0,005;0,006;1,450;2,531;0,000;-0,005;0,006;1,450;0,262;0,000;-0,005;0,006;1,450;1,798;0,000;-0,005;0,006;1,450;2,426;0,000;-0,005;0,006;1,450;-2,286;0,000;-0,005;0,006;1,450;1,920;0,000;-0,005;0,006;1,450;1,309;0,000;-0,005;0,006;1,450;-3,962;-0,017;-0,005;0,006
1,500;0,698;0,000;-0,005;0,006;1,500;2,251;0,000;-0,005;0,006;1,500;2,304;0,000;-0,005;0,006;1,500;0,733;0,000;-0,005;0,006;1,500;1,518;0,000;-0,005;0,006;1,500;2,548;0,000;-0,005;0,006;1,500;-2,443;0,000;-0,005;0,006;1,500;2,566;0,000;-0,005;0,006;1,500;2,059;0,000;-0,005;0,006;1,500;-3,526;-0,017;-0,005;0,006
1,550;1,169;0,000;-0,005;0,006;1,550;2,182;0,000;-0,005;0,006;1,550;1,990;0,000;-0,005;0,006;1,550;1,169;0,000;-0,005;0,006;1,550;1,187;0,000;-0,005;0,006;1,550;2,548;0,000;-0,005;0,006;1,550;-2,635;0,000;-0,005;0,006;1,550;3,054;0,000;-0,005;0,006;1,550;2,688;0,000;-0,006;0,006;1,550;-2,915;-0,017;-0,005;0,006
1,600;1,606;0,000;-0,005;0,006;1,600;2,007;0,000;-0,005;0,006;1,600;1,606;0,000;-0,005;0,006;1,600;1,536;0,000;-0,005;0,006;1,600;0,803;0,000;-0,005;0,006;1,600;2,443;0,000;-0,005;0,006;1,600;-2,897;0,000;-0,005;0,006;1,600;3,386;0,000;-0,005;0,006;1,600;3,194;0,000;-0,005;0,006;1,600;-2,182;-0,017;-0,005;0,006
1,650;1,937;0,000;-0,005;0,006;1,650;1,763;0,000;-0,005;0,006;1,650;1,187;0,000;-0,005;0,006;1,650;1,833;0,000;-0,005;0,006;1,650;0,384;0,000;-0,005;0,006;1,650;2,234;0,000;-0,005;0,006;1,650;-3,246;0,000;-0,005;0,006;1,650;3,526;0,000;-0,005;0,006;1,650;3,508;0,000;-0,005;0,006;1,650;-1,344;-0,017;-0,005;0,006
1,700;2,164;0,000;-0,005;0,006;1,700;1,449;0,000;-0,005;0,006;1,700;0,716;0,000;-0,005;0,006;1,700;2,007;0,000;-0,005;0,006;1,700;-0,035;0,000;-0,005;0,006;1,700;1,937;0,000;-0,005;0,006;1,700;-3,630;0,000;-0,005;0,006;1,700;3,491;0,000;-0,005;0,006;1,700;3,648;0,000;-0,005;0,006;1,700;-0,454;0,000;-0,005;0,006
1,750;2,286;0,000;-0,005;0,006;1,750;1,082;0,000;-0,005;0,006;1,750;0,244;0,000;-0,005;0,006;1,750;2,094;0,000;-0,005;0,006;1,750;-0,454;0,000;-0,005;0,006;1,750;1,571;0,000;-0,006;0,006;1,750;-3,875;0,000;-0,005;0,006;1,750;3,281;0,000;-0,005;0,006;1,750;3,613;0,000;-0,005;0,006;1,750;0,454;0,000;-0,005;0,006
1,800;2,304;0,000;-0,005;0,006;1,800;0,681;0,000;-0,005;0,006;1,800;-0,227;0,000;-0,005;0,006;1,800;2,059;0,000;-0,005;0,006;1,800;-0,855;0,000;-0,005;0,006;1,800;1,152;0,000;-0,005;0,006;1,800;-3,927;0,000;-0,005;0,006;1,800;2,915;0,000;-0,005;0,006;1,800;3,386;0,000;-0,005;0,006;1,800;1,326;0,000;-0,005;0,006
1,850;2,199;0,000;-0,005;0,006;1,850;0,279;0,000;-0,005;0,006;1,850;-0,646;0,000;-0,005;0,006;1,850;1,937;0,000;-0,005;0,006;1,850;-1,204;0,000;-0,005;0,006;1,850;0,698;0,000;-0,005;0,006;1,850;-3,805;0,000;-0,005;0,006;1,850;2,391;0,000;-0,005;0,006;1,850;2,985;0,000;-0,005;0,006;1,850;2,112;0,000;-0,005;0,006
1,900;1,990;0,000;-0,005;0,006;1,900;-0,122;0,000;-0,005;0,006;1,900;-1,012;0,000;-0,005;0,006;1,900;1,710;0,000;-0,005;0,006;1,900;-1,484;-0,017;-0,005;0,006;1,900;0,227;0,000;-0,005;0,006;1,900;-3,491;0,000;-0,005;0,006;1,900;1,745;0,000;-0,005;0,006;1,900;2,443;0,000;-0,005;0,006;1,900;2,793;0,000;-0,005;0,006
1,950;1,710;0,000;-0,005;0,006;1,950;-0,506;0,000;-0,005;0,006;1,950;-1,309;-0,017;-0,005;0,006;1,950;1,396;0,000;-0,005;0,006;1,950;-1,693;-0,017;-0,005;0,006;1,950;-0,227;0,000;-0,005;0,006;1,950;-3,019;0,000;-0,005;0,006;1,950;1,030;0,000;-0,005;0,006;1,950;1,780;0,000;-0,006;0,006;1,950;3,334;0,000;-0,005;0,006
2,000;1,344;0,000;-0,005;0,006;2,000;-0,838;-0,017;-0,005;0,006;2,000;-1,501;-0,017;-0,005;0,006;2,000;1,030;0,000;-0,005;0,006;2,000;-1,798;-0,017;-0,005;0,006;2,000;-0,646;0,000;-0,005;0,006;2,000;-2,409;0,000;-0,005;0,006;2,000;0,262;0,000;-0,005;0,006;2,000;1,047;0,000;-0,006;0,006;2,000;3,683;0,000;-0,005;0,006
2,050;0,942;0,000;-0,005;0,006;2,050;-1,117;-0,017;-0,005;0,006;2,050;-1,606;-0,017;-0,005;0,006;2,050;0,611;0,000;-0,005;0,006;2,050;-1,833;-0,017;-0,005;0,006;2,050;-1,012;0,000;-0,005;0,006;2,050;-1,693;0,000;-0,005;0,006;2,050;-0,524;0,000;-0,005;0,006;2,050;0,244;0,000;-0,005;0,006;2,050;3,857;0,000;-0,005;0,006
2,100;0,506;0,000;-0,005;0,006;2,100;-1,309;-0,017;-0,005;0,006;2,100;-1,588;-0,017;-0,005;0,006;2,100;0,175;0,000;-0,005;0,006;2,100;-1,763;-0,017;-0,005;0,006;2,100;-1,309;0,000;-0,005;0,006;2,100;-0,890;0,000;-0,005;0,006;2,100;-1,274;0,000;-0,005;0,006;2,100;-0,559;0,000;-0,005;0,006;2,100;3,822;0,000;-0,005;0,006
2,150;0,052;0,000;-0,005;0,006;2,150;-1,431;-0,017;-0,005;0,006;2,150;-1,484;-0,017;-0,005;0,006;2,150;-0,279;0,000;-0,005;0,006;2,150;-1,606;-0,017;-0,005;0,006;2,150;-1,518;-0,017;-0,005;0,006;2,150;-0,070;0,017;-0,005;0,006;2,150;-1,972;-0,017;-0,005;0,006;2,150;-1,326;0,000;-0,005;0,006;2,150;3,595;0,000;-0,005;0,006
2,200;-0,384;0,000;-0,005;0,006;2,200;-1,466;-0,017;-0,005;0,006;2,200;-1,274;-0,017;-0,005;0,006;2,200;-0,698;0,000;-0,005;0,006;2,200;-1,379;-0,017;-0,005;0,006;2,200;-1,641;-0,017;-0,005;0,006;2,200;0,750;0,017;-0,005;0,006;2,200;-2,548;-0,017;-0,005;0,006;2,200;-2,025;-0,017;-0,005;0,006;2,200;3,194;0,000;-0,005;0,006
2,250;-0,785;0,000;-0,005;0,006;2,250;-1,396;-0,017;-0,005;0,006;2,250;-1,012;-0,017;-0,005;0,006;2,250;-1,082;0,000;-0,005;0,006;2,250;-1,100;-0,017;-0,005;0,006;2,250;-1,641;-0,017;-0,006;0,006;2,250;1,518;0,017;-0,005;0,006;2,250;-3,002;-0,017;-0,005;0,006;2,250;-2,618;-0,017;-0,005;0,006;2,250;2,635;0,000;-0,005;0,006
2,300;-1,134;-0,017;-0,005;0,006;2,300;-1,257;-0,017;-0,005;0,006;2,300;-0,663;-0,017;-0,005;0,006;2,300;-1,431;0,000;-0,005;0,006;2,300;-0,750;-0,017;-0,005;0,006;2,300;-1,536;-0,017;-0,005;0,006;2,300;2,199;0,017;-0,005;0,006;2,300;-3,299;-0,017;-0,005;0,006;2,300;-3,072;-0,017;-0,005;0,006;2,300;1,955;0,000;-0,005;0,006
2,350;-1,414;-0,017;-0,005;0,006;2,350;-1,047;-0,017;-0,005;0,006;2,350;-0,279;-0,017;-0,005;0,006;2,350;-1,693;0,000;-0,005;0,006;2,350;-0,384;-0,017;-0,005;0,006;2,350;-1,361;-0,017;-0,005;0,006;2,350;2,775;0,017;-0,005;0,006;2,350;-3,421;-0,017;-0,005;0,006;2,350;-3,368;-0,017;-0,005;0,006;2,350;1,169;0,000;-0,005;0,006
2,400;-1,623;-0,017;-0,005;0,006;2,400;-0,785;-0,017;-0,005;0,006;2,400;0,140;-0,017;-0,005;0,006;2,400;-1,868;-0,017;-0,005;0,006;2,400;0,000;0,000;-0,005;0,006;2,400;-1,100;-0,017;-0,005;0,006;2,400;3,176;0,017;-0,005;0,006;2,400;-3,368;-0,017;-0,005;0,006;2,400;-3,508;-0,017;-0,005;0,006;2,400;0,349;0,000;-0,005;0,006
2,450;-1,728;-0,017;-0,005;0,006;2,450;-0,454;-0,017;-0,005;0,006;2,450;0,576;0,000;-0,005;0,006;2,450;-1,955;-0,017;-0,005;0,006;2,450;0,384;0,000;-0,005;0,006;2,450;-0,768;-0,017;-0,005;0,006;2,450;3,438;0,017;-0,005;0,006;2,450;-3,159;-0,017;-0,005;0,006;2,450;-3,438;-0,017;-0,005;0,006;2,450;-0,506;0,000;-0,005;0,006
2,500;-1,728;-0,017;-0,005;0,006;2,500;-0,105;-0,017;-0,005;0,006;2,500;0,995;0,000;-0,005;0,006;2,500;-1,937;-0,017;-0,005;0,006;2,500;0,733;0,000;-0,005;0,006;2,500;-0,384;-0,017;-0,005;0,006;2,500;3,508;0,017;-0,005;0,006;2,500;-2,793;-0,017;-0,005;0,006;2,500;-3,211;-0,017;-0,005;0,006;2,500;-1,326;0,000;-0,005;0,006
2,550;-1,623;-0,017;-0,005;0,006;2,550;0,262;0,000;-0,005;0,006;2,550;1,379;0,000;-0,005;0,006;2,550;-1,815;-0,017;-0,005;0,006;2,550;1,065;0,000;-0,005;0,006;2,550;0,035;0,000;-0,005;0,006;2,550;3,386;0,017;-0,005;0,006;2,550;-2,304;-0,017;-0,005;0,006;2,550;-2,845;-0,017;-0,005;0,006;2,550;-2,059;-0,017;-0,005;0,006
2,600;-1,449;-0,017;-0,005;0,006;2,600;0,628;0,000;-0,005;0,006;2,600;1,710;0,000;-0,005;0,006;2,600;-1,641;-0,017;-0,005;0,006;2,600;1,326;0,000;-0,005;0,006;2,600;0,454;0,000;-0,005;0,006;2,600;3,124;0,017;-0,005;0,006;2,600;-1,710;-0,017;-0,005;0,006;2,600;-2,321;-0,017;-0,005;0,006;2,600;-2,705;-0,017;-0,005;0,006
2,650;-1,204;-0,017;-0,005;0,006;2,650;0,977;0,000;-0,005;0,006;2,650;1,972;0,000;-0,005;0,006;2,650;-1,379;-0,017;-0,005;0,006;2,650;1,518;0,000;-0,005;0,006;2,650;0,873;0,000;-0,005;0,006;2,650;2,688;0,017;-0,005;0,006;2,650;-1,047;-0,017;-0,005;0,006;2,650;-1,710;-0,017;-0,005;0,006;2,650;-3,194;-0,017;-0,005;0,006
2,700;-0,890;-0,017;-0,005;0,006;2,700;1,292;0,000;-0,005;0,006;2,700;2,164;0,000;-0,005;0,006;2,700;-1,047;-0,017;-0,005;0,006;2,700;1,641;0,000;-0,005;0,006;2,700;1,257;0,000;-0,005;0,006;2,700;2,129;0,017;-0,005;0,006;2,700;-0,332;-0,017;-0,005;0,006;2,700;-1,030;-0,017;-0,005;0,006;2,700;-3,526;-0,017;-0,005;0,006
2,750;-0,524;-0,017;-0,005;0,006;2,750;1,536;0,000;-0,005;0,006;2,750;2,251;0,000;-0,005;0,006;2,750;-0,681;-0,017;-0,005;0,006;2,750;1,658;0,000;-0,005;0,006;2,750;1,588;0,000;-0,005;0,006;2,750;1,466;0,017;-0,005;0,006;2,750;0,384;0,000;-0,005;0,006;2,750;-0,297;-0,017;-0,006;0,006;2,750;-3,665;-0,017;-0,005;0,006
2,800;-0,122;0,000;-0,005;0,006;2,800;1,745;0,000;-0,005;0,006;2,800;2,251;0,000;-0,005;0,006;2,800;-0,297;0,000;-0,005;0,006;2,800;1,606;0,000;-0,005;0,006;2,800;1,868;0,000;-0,005;0,006;2,800;0,733;0,017;-0,005;0,006;2,800;1,065;0,000;-0,005;0,006;2,800;0,454;0,000;-0,005;0,006;2,800;-3,630;-0,017;-0,005;0,006
2,850;0,279;0,000;-0,005;0,006;2,850;1,850;0,000;-0,005;0,006;2,850;2,164;0,000;-0,005;0,006;2,850;0,105;0,000;-0,005;0,006;2,850;1,466;0,000;-0,005;0,006;2,850;2,059;0,000;-0,005;0,006;2,850;-0,035;0,017;-0,005;0,006;2,850;1,676;0,000;-0,005;0,006;2,850;1,152;0,000;-0,005;0,006;2,850;-3,403;-0,017;-0,005;0,006
2,900;0,663;0,000;-0,005;0,006;2,900;1,885;0,000;-0,005;0,006;2,900;1,990;0,000;-0,005;0,006;2,900;0,506;0,000;-0,005;0,006;2,900;1,257;0,000;-0,005;0,006;2,900;2,164;0,000;-0,006;0,006;2,900;-0,803;0,017;-0,005;0,006;2,900;2,217;0,000;-0,005;0,006;2,900;1,798;0,000;-0,005;0,006;2,900;-3,037;-0,017;-0,005;0,006
2,950;1,030;0,000;-0,005;0,006;2,950;1,850;0,000;-0,005;0,006;2,950;1,745;0,000;-0,005;0,006;2,950;0,855;0,000;-0,005;0,006;2,950;0,995;0,000;-0,005;0,006;2,950;2,164;0,000;-0,005;0,006;2,950;-1,501;0,017;-0,005;0,006;2,950;2,635;0,000;-0,005;0,006;2,950;2,339;0,000;-0,005;0,006;2,950;-2,531;-0,017;-0,005;0,006
3,000;1,361;0,000;-0,005;0,006;3,000;1,710;0,000;-0,005;0,006;3,000;1,431;0,000;-0,005;0,006;3,000;1,169;0,000;-0,005;0,006;3,000;0,698;0,000;-0,005;0,006;3,000;2,094;0,000;-0,006;0,006;3,000;-2,147;0,000;-0,005;0,006;3,000;2,897;0,000;-0,005;0,006;3,000;2,758;0,000;-0,006;0,006;3,000;-1,902;-0,017;-0,005;0,006
3,050;1,606;0,000;-0,005;0,006;3,050;1,536;0,000;-0,005;0,006;3,050;1,082;0,000;-0,005;0,006;3,050;1,414;0,000;-0,005;0,006;3,050;0,384;0,000;-0,005;0,006;3,050;1,920;0,000;-0,005;0,006;3,050;-2,670;0,000;-0,005;0,006;3,050;2,967;0,000;-0,005;0,006;3,050;3,019;0,000;-0,006;0,006;3,050;-1,187;-0,017;-0,005;0,006
3,100;1,798;0,000;-0,005;0,006;3,100;1,292;0,000;-0,005;0,006;3,100;0,716;0,000;-0,005;0,006;3,100;1,588;0,000;-0,005;0,006;3,100;0,052;0,000;-0,005;0,006;3,100;1,693;0,000;-0,005;0,006;3,100;-3,054;0,000;-0,005;0,006;3,100;2,862;0,000;-0,005;0,006;3,100;3,107;0,000;-0,005;0,006;3,100;-0,436;-0,017;-0,005;0,006
3,150;1,885;0,000;-0,005;0,006;3,150;0,995;0,000;-0,005;0,006;3,150;0,332;0,000;-0,005;0,006;3,150;1,676;0,000;-0,005;0,006;3,150;-0,279;0,000;-0,005;0,006;3,150;1,396;0,000;-0,005;0,006;3,150;-3,281;0,000;-0,005;0,006;3,150;2,583;0,000;-0,005;0,006;3,150;3,019;0,000;-0,006;0,006;3,150;0,349;0,000;-0,005;0,006
3,200;1,902;0,000;-0,005;0,006;3,200;0,698;0,000;-0,005;0,006;3,200;-0,052;0,000;-0,005;0,006;3,200;1,676;0,000;-0,005;0,006;3,200;-0,593;0,000;-0,005;0,006;3,200;1,065;0,000;-0,005;0,006;3,200;-3,351;0,000;-0,005;0,006;3,200;2,182;0,000;-0,005;0,006;3,200;2,793;0,000;-0,006;0,006;3,200;1,082;0,000;-0,005;0,006
3,250;1,833;0,000;-0,005;0,006;3,250;0,367;0,000;-0,005;0,006;3,250;-0,384;0,000;-0,005;0,006;3,250;1,571;0,000;-0,005;0,006;3,250;-0,873;0,000;-0,005;0,006;3,250;0,698;0,000;-0,005;0,006;3,250;-3,229;0,000;-0,005;0,006;3,250;1,658;0,000;-0,005;0,006;3,250;2,409;0,000;-0,006;0,006;3,250;1,763;0,000;-0,005;0,006
3,300;1,658;0,000;-0,005;0,006;3,300;0,052;0,000;-0,005;0,006;3,300;-0,698;0,000;-0,005;0,006;3,300;1,396;0,000;-0,005;0,006;3,300;-1,100;0,000;-0,005;0,006;3,300;0,332;0,000;-0,005;0,006;3,300;-2,967;0,000;-0,005;0,006;3,300;1,065;0,000;-0,005;0,006;3,300;1,937;0,000;-0,005;0,006;3,300;2,356;0,000;-0,005;0,006
3,350;1,431;0,000;-0,005;0,006;3,350;-0,244;0,000;-0,005;0,006;3,350;-0,942;-0,017;-0,005;0,006;3,350;1,169;0,000;-0,005;0,006;3,350;-1,274;0,000;-0,005;0,006;3,350;-0,035;0,000;-0,005;0,006;3,350;-2,548;0,000;-0,005;0,006;3,350;0,419;0,000;-0,005;0,006;3,350;1,361;0,000;-0,005;0,006;3,350;2,810;0,000;-0,005;0,006
3,400;1,152;0,000;-0,005;0,006;3,400;-0,506;0,000;-0,005;0,006;3,400;-1,117;-0,017;-0,005;0,006;3,400;0,873;0,000;-0,005;0,006;3,400;-1,361;0,000;-0,005;0,006;3,400;-0,384;0,000;-0,006;0,006;3,400;-2,025;0,000;-0,005;0,006;3,400;-0,244;0,000;-0,005;0,006;3,400;0,716;0,000;-0,005;0,006;3,400;3,107;0,000;-0,005;0,006
3,450;0,820;0,000;-0,005;0,006;3,450;-0,733;0,000;-0,005;0,006;3,450;-1,204;-0,017;-0,005;0,006;3,450;0,541;0,000;-0,005;0,006;3,450;-1,396;0,000;-0,005;0,006;3,450;-0,681;0,000;-0,006;0,006;3,450;-1,414;0,000;-0,005;0,006;3,450;-0,890;0,000;-0,005;0,006;3,450;0,035;0,000;-0,005;0,006;3,450;3,246;0,000;-0,005;0,006
3,500;0,471;0,000;-0,005;0,006;3,500;-0,908;0,000;-0,005;0,006;3,500;-1,204;-0,017;-0,005;0,006;3,500;0,192;0,000;-0,005;0,006;3,500;-1,361;0,000;-0,005;0,006;3,500;-0,925;0,000;-0,005;0,006;3,500;-0,733;0,000;-0,005;0,006;3,500;-1,501;0,000;-0,005;0,006;3,500;-0,628;0,000;-0,005;0,006;3,500;3,194;0,000;-0,005;0,006
3,550;0,122;0,000;-0,005;0,006;3,550;-1,012;0,000;-0,005;0,006;3,550;-1,134;-0,017;-0,005;0,006;3,550;-0,157;0,000;-0,005;0,006;3,550;-1,257;-0,017;-0,005;0,006;3,550;-1,100;0,000;-0,005;0,006;3,550;-0,035;0,000;-0,005;0,006;3,550;-2,025;0,000;-0,005;0,006;3,550;-1,257;0,000;-0,006;0,006;3,550;3,002;0,000;-0,005;0,006
3,600;-0,244;0,000;-0,005;0,006;3,600;-1,047;0,000;-0,005;0,006;3,600;-0,995;-0,017;-0,005;0,006;3,600;-0,506;0,000;-0,005;0,006;3,600;-1,082;-0,017;-0,005;0,006;3,600;-1,187;0,000;-0,005;0,006;3,600;0,663;0,017;-0,005;0,006;3,600;-2,443;-0,017;-0,005;0,006;3,600;-1,833;0,000;-0,005;0,006;3,600;2,653;0,000;-0,005;0,006
3,650;-0,559;0,000;-0,005;0,006;3,650;-1,012;-0,017;-0,005;0,006;3,650;-0,785;-0,017;-0,005;0,006;3,650;-0,820;0,000;-0,005;0,006;3,650;-0,873;-0,017;-0,005;0,006;3,650;-1,222;0,000;-0,005;0,006;3,650;1,326;0,017;-0,005;0,006;3,650;-2,758;-0,017;-0,005;0,006;3,650;-2,304;-0,017;-0,006;0,006;3,650;2,182;0,000;-0,005;0,006
3,700;-0,855;0,000;-0,005;0,006;3,700;-0,908;-0,017;-0,005;0,006;3,700;-0,506;-0,017;-0,005;0,006;3,700;-1,100;0,000;-0,005;0,006;3,700;-0,611;-0,017;-0,005;0,006;3,700;-1,152;-0,017;-0,005;0,006;3,700;1,902;0,017;-0,005;0,006;3,700;-2,915;-0,017;-0,005;0,006;3,700;-2,653;-0,017;-0,005;0,006;3,700;1,606;0,000;-0,005;0,006
3,750;-1,082;0,000;-0,005;0,006;3,750;-0,750;-0,017;-0,005;0,006;3,750;-0,209;-0,017;-0,005;0,006;3,750;-1,326;0,000;-0,005;0,006;3,750;-0,332;0,000;-0,005;0,006;3,750;-1,012;-0,017;-0,005;0,006;3,750;2,374;0,017;-0,005;0,006;3,750;-2,915;-0,017;-0,006;0,006;3,750;-2,862;-0,017;-0,006;0,006;3,750;0,942;0,000;-0,005;0,006
3,800;-1,257;0,000;-0,005;0,006;3,800;-0,541;-0,017;-0,005;0,006;3,800;0,122;0,000;-0,005;0,006;3,800;-1,484;0,000;-0,005;0,006;3,800;-0,035;0,000;-0,005;0,006;3,800;-0,820;-0,017;-0,005;0,006;3,800;2,740;0,017;-0,005;0,006;3,800;-2,793;-0,017;-0,005;0,006;3,800;-2,932;-0,017;-0,005;0,006;3,800;0,244;0,000;-0,005;0,006
3,850;-1,344;0,000;-0,005;0,006;3,850;-0,297;0,000;-0,005;0,006;3,850;0,471;0,000;-0,005;0,006;3,850;-1,553;0,000;-0,005;0,006;3,850;0,262;0,000;-0,005;0,006;3,850;-0,576;0,000;-0,005;0,006;3,850;2,932;0,017;-0,005;0,006;3,850;-2,531;-0,017;-0,005;0,006;3,850;-2,862;-0,017;-0,006;0,006;3,850;-0,454;0,000;-0,005;0,006
3,900;-1,344;-0,017;-0,005;0,006;3,900;-0,035;0,000;-0,005;0,006;3,900;0,803;0,000;-0,005;0,006;3,900;-1,553;-0,017;-0,005;0,006;3,900;0,524;0,000;-0,005;0,006;3,900;-0,279;0,000;-0,005;0,006;3,900;2,950;0,017;-0,005;0,006;3,900;-2,164;-0,017;-0,005;0,006;3,900;-2,653;-0,017;-0,005;0,006;3,900;-1,134;0,000;-0,005;0,006
3,950;-1,274;-0,017;-0,005;0,006;3,950;0,244;0,000;-0,005;0,006;3,950;1,134;0,000;-0,005;0,006;3,950;-1,484;-0,017;-0,005;0,006;3,950;0,785;0,000;-0,005;0,006;3,950;0,035;0,000;-0,005;0,006;3,950;2,775;0,017;-0,005;0,006;3,950;-1,710;-0,017;-0,005;0,006;3,950;-2,321;-0,017;-0,005;0,006;3,950;-1,745;0,000;-0,005;0,006
4,000;-1,134;-0,017;-0,005;0,006;4,000;0,524;0,000;-0,005;0,006;4,000;1,414;0,000;-0,005;0,006;4,000;-1,326;-0,017;-0,005;0,006;4,000;0,995;0,000;-0,005;0,006;4,000;0,367;0,000;-0,005;0,006;4,000;2,461;0,017;-0,005;0,006;4,000;-1,169;-0,017;-0,005;0,006;4,000;-1,868;-0,017;-0,005;0,006;4,000;-2,269;-0,017;-0,005;0,006
4,050;-0,942;-0,017;-0,005;0,006;4,050;0,785;0,000;-0,005;0,006;4,050;1,641;0,000;-0,005;0,006;4,050;-1,117;-0,017;-0,005;0,006;4,050;1,152;0,000;-0,005;0,006;4,050;0,698;0,000;-0,005;0,006;4,050;2,042;0,017;-0,005;0,006;4,050;-0,576;-0,017;-0,005;0,006;4,050;-1,344;-0,017;-0,005;0,006;4,050;-2,688;-0,017;-0,005;0,006
4,100;-0,681;-0,017;-0,005;0,006;4,100;1,030;0,000;-0,005;0,006;4,100;1,798;0,000;-0,005;0,006;4,100;-0,873;-0,017;-0,005;0,006;4,100;1,239;0,000;-0,005;0,006;4,100;0,995;0,000;-0,005;0,006;4,100;1,501;0,017;-0,005;0,006;4,100;0,035;0,000;-0,005;0,006;4,100;-0,768;-0,017;-0,005;0,006;4,100;-2,950;-0,017;-0,006;0,006
4,150;-0,401;-0,017;-0,005;0,006;4,150;1,222;0,000;-0,005;0,006;4,150;1,902;0,000;-0,005;0,006;4,150;-0,576;0,000;-0,005;0,006;4,150;1,274;0,000;-0,005;0,006;4,150;1,257;0,000;-0,005;0,006;4,150;0,908;0,017;-0,005;0,006;4,150;0,628;0,000;-0,005;0,006;4,150;-0,157;0,000;-0,005;0,006;4,150;-3,072;-0,017;-0,005;0,006
4,200;-0,087;-0,017;-0,005;0,006;4,200;1,379;0,000;-0,005;0,006;4,200;1,902;0,000;-0,005;0,006;4,200;-0,262;0,000;-0,005;0,006;4,200;1,257;0,000;-0,005;0,006;4,200;1,466;0,000;-0,006;0,006;4,200;0,262;0,017;-0,005;0,006;4,200;1,187;0,000;-0,005;0,006;4,200;0,454;0,000;-0,005;0,006;4,200;-3,019;-0,017;-0,005;0,006
4,250;0,244;0,000;-0,005;0,006;4,250;1,484;0,000;-0,005;0,006;4,250;1,850;0,000;-0,005;0,006;4,250;0,052;0,000;-0,005;0,006;4,250;1,152;0,000;-0,005;0,006;4,250;1,588;0,000;-0,005;0,006;4,250;-0,384;0,017;-0,005;0,006;4,250;1,676;0,000;-0,005;0,006;4,250;1,047;0,000;-0,005;0,006;4,250;-2,827;-0,017;-0,005;0,006
4,300;0,559;0,000;-0,005;0,006;4,300;1,501;0,000;-0,005;0,006;4,300;1,710;0,000;-0,005;0,006;4,300;0,367;0,000;-0,005;0,006;4,300;1,012;0,000;-0,005;0,006;4,300;1,641;0,000;-0,005;0,006;4,300;-1,012;0,017;-0,005;0,006;4,300;2,059;0,000;-0,005;0,006;4,300;1,571;0,000;-0,005;0,006;4,300;-2,513;-0,017;-0,005;0,006
4,350;0,855;0,000;-0,005;0,006;4,350;1,484;0,000;-0,005;0,006;4,350;1,518;0,000;-0,005;0,006;4,350;0,646;0,000;-0,005;0,006;4,350;0,838;0,000;-0,005;0,006;4,350;1,623;0,000;-0,005;0,006;4,350;-1,588;0,017;-0,005;0,006;4,350;2,356;0,000;-0,005;0,006;4,350;2,007;0,000;-0,005;0,006;4,350;-2,077;-0,017;-0,005;0,006
4,400;1,117;0,000;-0,005;0,006;4,400;1,396;0,000;-0,005;0,006;4,400;1,292;0,000;-0,005;0,006;4,400;0,908;0,000;-0,005;0,006;4,400;0,628;0,000;-0,005;0,006;4,400;1,536;0,000;-0,005;0,006;4,400;-2,077;0,017;-0,005;0,006;4,400;2,513;0,000;-0,005;0,006;4,400;2,339;0,000;-0,005;0,006;4,400;-1,553;-0,017;-0,005;0,006
4,450;1,326;0,000;-0,005;0,006;4,450;1,257;0,000;-0,005;0,006;4,450;1,030;0,000;-0,005;0,006;4,450;1,100;0,000;-0,005;0,006;4,450;0,384;0,000;-0,005;0,006;4,450;1,396;0,000;-0,005;0,006;4,450;-2,461;0,000;-0,005;0,006;4,450;2,548;0,000;-0,005;0,006;4,450;2,548;0,000;-0,006;0,006;4,450;-0,942;-0,017;-0,005;0,006
4,500;1,466;0,000;-0,005;0,006;4,500;1,082;0,000;-0,005;0,006;4,500;0,750;0,000;-0,005;0,006;4,500;1,239;0,000;-0,005;0,006;4,500;0,140;0,000;-0,005;0,006;4,500;1,239;0,000;-0,005;0,006;4,500;-2,723;0,000;-0,005;0,006;4,500;2,426;0,000;-0,005;0,006;4,500;2,635;0,000;-0,006;0,006;4,500;-0,314;0,000;-0,005;0,006
4,550;1,553;0,000;-0,005;0,006;4,550;0,890;0,000;-0,005;0,006;4,550;0,471;0,000;-0,005;0,006;4,550;1,326;0,000;-0,005;0,006;4,550;-0,105;0,000;-0,005;0,006;4,550;1,030;0,000;-0,006;0,006;4,550;-2,845;0,000;-0,005;0,006;4,550;2,199;0,000;-0,005;0,006;4,550;2,566;0,000;-0,005;0,006;4,550;0,332;0,000;-0,005;0,006
4,600;1,571;0,000;-0,005;0,006;4,600;0,681;0,000;-0,005;0,006;4,600;0,175;0,000;-0,005;0,006;4,600;1,326;0,000;-0,005;0,006;4,600;-0,332;0,000;-0,005;0,006;4,600;0,820;0,000;-0,005;0,006;4,600;-2,810;0,000;-0,005;0,006;4,600;1,868;0,000;-0,005;0,006;4,600;2,374;0,000;-0,005;0,006;4,600;0,942;0,000;-0,005;0,006
4,650;1,501;0,000;-0,005;0,006;4,650;0,471;0,000;-0,005;0,006;4,650;-0,087;0,000;-0,005;0,006;4,650;1,257;0,000;-0,006;0,006;4,650;-0,541;0,000;-0,005;0,006;4,650;0,593;0,000;-0,006;0,006;4,650;-2,653;0,000;-0,005;0,006;4,650;1,431;0,000;-0,005;0,006;4,650;2,059;0,000;-0,006;0,006;4,650;1,518;0,000;-0,005;0,006
4,700;1,379;0,000;-0,005;0,006;4,700;0,244;0,000;-0,005;0,006;4,700;-0,332;0,000;-0,005;0,006;4,700;1,134;0,000;-0,005;0,006;4,700;-0,716;0,000;-0,005;0,006;4,700;0,349;0,000;-0,006;0,006;4,700;-2,356;0,000;-0,005;0,006;4,700;0,942;0,000;-0,005;0,006;4,700;1,658;0,000;-0,005;0,006;4,700;1,990;0,000;-0,005;0,006
4,750;1,204;0,000;-0,005;0,006;4,750;0,017;0,000;-0,005;0,006;4,750;-0,541;0,000;-0,005;0,006;4,750;0,942;0,000;-0,005;0,006;4,750;-0,855;0,000;-0,005;0,006;4,750;0,140;0,000;-0,005;0,006;4,750;-1,972;0,000;-0,005;0,006;4,750;0,401;0,000;-0,005;0,006;4,750;1,169;0,000;-0,006;0,006;4,750;2,374;0,000;-0,005;0,006
4,800;0,995;0,000;-0,005;0,006;4,800;-0,175;0,000;-0,005;0,006;4,800;-0,681;0,000;-0,005;0,006;4,800;0,733;0,000;-0,005;0,006;4,800;-0,942;0,000;-0,005;0,006;4,800;-0,070;0,000;-0,005;0,006;4,800;-1,484;0,000;-0,005;0,006;4,800;-0,157;0,000;-0,005;0,006;4,800;0,646;0,000;-0,005;0,006;4,800;2,635;0,000;-0,005;0,006
4,850;0,750;0,000;-0,005;0,006;4,850;-0,349;0,000;-0,005;0,006;4,850;-0,785;0,000;-0,005;0,006;4,850;0,489;0,000;-0,005;0,006;4,850;-0,995;0,000;-0,005;0,006;4,850;-0,244;0,000;-0,005;0,006;4,850;-0,942;0,000;-0,005;0,006;4,850;-0,698;0,000;-0,005;0,006;4,850;0,087;0,000;-0,005;0,006;4,850;2,740;0,000;-0,005;0,006
4,900;0,471;0,000;-0,005;0,006;4,900;-0,489;0,000;-0,005;0,006;4,900;-0,803;0,000;-0,005;0,006;4,900;0,227;0,000;-0,005;0,006;4,900;-0,977;0,000;-0,005;0,006;4,900;-0,401;0,000;-0,005;0,006;4,900;-0,349;0,000;-0,005;0,006;4,900;-1,222;0,000;-0,005;0,006;4,900;-0,489;0,000;-0,005;0,006;4,900;2,705;0,000;-0,005;0,006
4,950;0,209;0,000;-0,005;0,006;4,950;-0,576;0,000;-0,005;0,006;4,950;-0,768;0,000;-0,005;0,006;4,950;-0,052;0,000;-0,005;0,006;4,950;-0,925;0,000;-0,005;0,006;4,950;-0,506;0,000;-0,005;0,006;4,950;0,244;0,017;-0,005;0,006;4,950;-1,676;-0,017;-0,005;0,006;4,950;-1,012;0,000;-0,005;0,006;4,950;2,513;0,000;-0,005;0,006
5,000;-0,052;0,000;-0,005;0,006;5,000;-0,628;0,000;-0,005;0,006;5,000;-0,681;0,000;-0,005;0,006;5,000;-0,314;0,000;-0,005;0,006;5,000;-0,820;0,000;-0,005;0,006;5,000;-0,559;0,000;-0,005;0,006;5,000;0,820;0,017;-0,005;0,006;5,000;-2,042;-0,017;-0,005;0,006;5,000;-1,501;0,000;-0,005;0,006;5,000;2,199;0,000;-0,005;0,006
5,050;-0,314;0,000;-0,005;0,006;5,050;-0,628;0,000;-0,005;0,006;5,050;-0,524;0,000;-0,005;0,006;5,050;-0,559;0,000;-0,005;0,006;5,050;-0,681;0,000;-0,005;0,006;5,050;-0,576;0,000;-0,005;0,006;5,050;1,344;0,017;-0,005;0,006;5,050;-2,304;-0,017;-0,005;0,006;5,050;-1,902;0,000;-0,005;0,006;5,050;1,798;0,000;-0,005;0,006
5,100;-0,524;0,000;-0,005;0,006;5,100;-0,576;0,000;-0,005;0,006;5,100;-0,332;0,000;-0,005;0,006;5,100;-0,785;0,000;-0,005;0,006;5,100;-0,506;0,000;-0,005;0,006;5,100;-0,524;0,000;-0,005;0,006;5,100;1,798;0,017;-0,005;0,006;5,100;-2,443;-0,017;-0,005;0,006;5,100;-2,199;-0,017;-0,006;0,006;5,100;1,309;0,000;-0,005;0,006
5,150;-0,716;0,000;-0,005;0,006;5,150;-0,489;0,000;-0,005;0,006;5,150;-0,122;0,000;-0,005;0,006;5,150;-0,960;0,000;-0,005;0,006;5,150;-0,332;0,000;-0,005;0,006;5,150;-0,454;0,000;-0,005;0,006;5,150;2,164;0,017;-0,005;0,006;5,150;-2,478;-0,017;-0,005;0,006;5,150;-2,391;-0,017;-0,005;0,006;5,150;0,750;0,000;-0,005;0,006
5,200;-0,855;0,000;-0,005;0,006;5,200;-0,367;0,000;-0,005;0,006;5,200;0,122;0,000;-0,005;0,006;5,200;-1,100;0,000;-0,005;0,006;5,200;-0,122;0,000;-0,005;0,006;5,200;-0,332;0,000;-0,005;0,006;5,200;2,409;0,017;-0,005;0,006;5,200;-2,374;-0,017;-0,005;0,006;5,200;-2,461;-0,017;-0,005;0,006;5,200;0,175;0,000;-0,005;0,006
5,250;-0,942;0,000;-0,005;0,006;5,250;-0,227;0,000;-0,005;0,006;5,250;0,384;0,000;-0,005;0,006;5,250;-1,169;0,000;-0,005;0,006;5,250;0,070;0,000;-0,005;0,006;5,250;-0,192;0,000;-0,005;0,006;5,250;2,531;0,017;-0,005;0,006;5,250;-2,164;-0,017;-0,005;0,006;5,250;-2,409;-0,017;-0,005;0,006;5,250;-0,419;0,000;-0,005;0,006
5,300;-0,960;0,000;-0,005;0,006;5,300;-0,070;0,000;-0,005;0,006;5,300;0,628;0,000;-0,005;0,006;5,300;-1,187;0,000;-0,005;0,006;5,300;0,262;0,000;-0,005;0,006;5,300;-0,035;0,000;-0,005;0,006;5,300;2,513;0,017;-0,005;0,006;5,300;-1,850;-0,017;-0,005;0,006;5,300;-2,234;-0,017;-0,005;0,006;5,300;-0,995;0,000;-0,005;0,006
5,350;-0,925;0,000;-0,005;0,006;5,350;0,122;0,000;-0,005;0,006;5,350;0,873;0,000;-0,005;0,006;5,350;-1,152;0,000;-0,005;0,006;5,350;0,454;0,000;-0,005;0,006;5,350;0,157;0,000;-0,005;0,006;5,350;2,356;0,017;-0,006;0,006;5,350;-1,466;-0,017;-0,005;0,006;5,350;-1,955;-0,017;-0,005;0,006;5,350;-1,501;-0,017;-0,005;0,006
5,400;-0,838;0,000;-0,005;0,006;5,400;0,297;0,000;-0,005;0,006;5,400;1,082;0,000;-0,005;0,006;5,400;-1,047;0,000;-0,005;0,006;5,400;0,593;0,000;-0,005;0,006;5,400;0,332;0,000;-0,005;0,006;5,400;2,094;0,017;-0,006;0,006;5,400;-1,012;-0,017;-0,005;0,006;5,400;-1,571;-0,017;-0,005;0,006;5,400;-1,937;-0,017;-0,005;0,006
5,450;-0,698;0,000;-0,005;0,006;5,450;0,471;0,000;-0,005;0,006;5,450;1,274;0,000;-0,005;0,006;5,450;-0,908;0,000;-0,005;0,006;5,450;0,716;0,000;-0,005;0,006;5,450;0,524;0,000;-0,005;0,006;5,450;1,745;0,017;-0,005;0,006;5,450;-0,524;0,000;-0,005;0,006;5,450;-1,134;-0,017;-0,005;0,006;5,450;-2,269;-0,017;-0,005;0,006
5,500;-0,541;0,000;-0,005;0,006;5,500;0,646;0,000;-0,005;0,006;5,500;1,396;0,000;-0,005;0,006;5,500;-0,733;0,000;-0,005;0,006;5,500;0,768;0,000;-0,005;0,006;5,500;0,698;0,000;-0,005;0,006;5,500;1,292;0,017;-0,005;0,006;5,500;-0,017;0,000;-0,005;0,006;5,500;-0,663;-0,017;-0,006;0,006;5,500;-2,496;-0,017;-0,005;0,006
5,550;-0,332;0,000;-0,005;0,006;5,550;0,785;0,000;-0,005;0,006;5,550;1,484;0,000;-0,005;0,006;5,550;-0,541;0,000;-0,005;0,006;5,550;0,768;0,000;-0,005;0,006;5,550;0,838;0,000;-0,005;0,006;5,550;0,785;0,017;-0,005;0,006;5,550;0,489;0,000;-0,005;0,006;5,550;-0,140;0,000;-0,005;0,006;5,550;-2,583;-0,017;-0,005;0,006
5,600;-0,105;0,000;-0,005;0,006;5,600;0,908;0,000;-0,005;0,006;5,600;1,518;0,000;-0,005;0,006;5,600;-0,314;0,000;-0,005;0,006;5,600;0,733;0,000;-0,005;0,006;5,600;0,960;0,000;-0,006;0,006;5,600;0,244;0,017;-0,005;0,006;5,600;0,960;0,000;-0,005;0,006;5,600;0,367;0,000;-0,006;0,006;5,600;-2,531;-0,017;-0,005;0,006
5,650;0,122;0,000;-0,005;0,006;5,650;0,995;0,000;-0,005;0,006;5,650;1,501;0,000;-0,005;0,006;5,650;-0,087;0,000;-0,005;0,006;5,650;0,663;0,000;-0,005;0,006;5,650;1,047;0,000;-0,005;0,006;5,650;-0,297;0,017;-0,005;0,006;5,650;1,379;0,000;-0,005;0,006;5,650;0,855;0,000;-0,005;0,006;5,650;-2,374;-0,017;-0,005;0,006
5,700;0,367;0,000;-0,005;0,006;5,700;1,047;0,000;-0,005;0,006;5,700;1,431;0,000;-0,005;0,006;5,700;0,157;0,000;-0,005;0,006;5,700;0,576;0,000;-0,005;0,006;5,700;1,100;0,000;-0,005;0,006;5,700;-0,838;0,017;-0,005;0,006;5,700;1,710;0,000;-0,005;0,006;5,700;1,292;0,000;-0,005;0,006;5,700;-2,077;-0,017;-0,005;0,006
5,750;0,576;0,000;-0,005;0,006;5,750;1,047;0,000;-0,005;0,006;5,750;1,309;0,000;-0,005;0,006;5,750;0,367;0,000;-0,005;0,006;5,750;0,471;0,000;-0,005;0,006;5,750;1,117;0,000;-0,005;0,006;5,750;-1,309;0,017;-0,005;0,006;5,750;1,955;0,000;-0,005;0,006;5,750;1,676;0,000;-0,005;0,006;5,750;-1,710;-0,017;-0,005;0,006
5,800;0,768;0,000;-0,005;0,006;5,800;1,012;0,000;-0,005;0,006;5,800;1,152;0,000;-0,005;0,006;5,800;0,559;0,000;-0,005;0,006;5,800;0,349;0,000;-0,005;0,006;5,800;1,082;0,000;-0,005;0,006;5,800;-1,728;0,000;-0,005;0,006;5,800;2,094;0,000;-0,005;0,006;5,800;1,955;0,000;-0,005;0,006;5,800;-1,274;-0,017;-0,005;0,006
5,850;0,942;0,000;-0,005;0,006;5,850;0,960;0,000;-0,005;0,006;5,850;0,995;0,000;-0,005;0,006;5,850;0,716;0,000;-0,005;0,006;5,850;0,209;0,000;-0,005;0,006;5,850;1,030;0,000;-0,005;0,006;5,850;-2,059;0,000;-0,005;0,006;5,850;2,129;0,000;-0,005;0,006;5,850;2,129;0,000;-0,005;0,006;5,850;-0,768;-0,017;-0,005;0,006
5,900;1,065;0,000;-0,005;0,006;5,900;0,873;0,000;-0,005;0,006;5,900;0,803;0,000;-0,005;0,006;5,900;0,838;0,000;-0,005;0,006;5,900;0,087;0,000;-0,005;0,006;5,900;0,942;0,000;-0,005;0,006;5,900;-2,286;0,000;-0,005;0,006;5,900;2,059;0,000;-0,005;0,006;5,900;2,199;0,000;-0,006;0,006;5,900;-0,244;0,000;-0,005;0,006
5,950;1,134;0,000;-0,005;0,006;5,950;0,768;0,000;-0,005;0,006;5,950;0,611;0,000;-0,005;0,006;5,950;0,908;0,000;-0,005;0,006;5,950;-0,035;0,000;-0,005;0,006;5,950;0,838;0,000;-0,005;0,006;5,950;-2,391;0,000;-0,005;0,006;5,950;1,868;0,000;-0,005;0,006;5,950;2,147;0,000;-0,005;0,006;5,950;0,279;0,000;-0,005;0,006
6,000;1,169;0,000;-0,005;0,006;6,000;0,646;0,000;-0,005;0,006;6,000;0,419;0,000;-0,005;0,006;6,000;0,925;0,000;-0,005;0,006;6,000;-0,140;0,000;-0,005;0,006;6,000;0,716;0,000;-0,005;0,006;6,000;-2,374;0,000;-0,005;0,006;6,000;1,606;0,000;-0,005;0,006;6,000;2,007;0,000;-0,005;0,006;6,000;0,785;0,000;-0,005;0,006
6,050;1,134;0,000;-0,005;0,006;6,050;0,506;0,000;-0,005;0,006;6,050;0,227;0,000;-0,005;0,006;6,050;0,890;0,000;-0,005;0,006;6,050;-0,244;0,000;-0,005;0,006;6,050;0,593;0,000;-0,005;0,006;6,050;-2,234;0,000;-0,005;0,006;6,050;1,274;0,000;-0,005;0,006;6,050;1,745;0,000;-0,005;0,006;6,050;1,257;0,000;-0,005;0,006
6,100;1,065;0,000;-0,005;0,006;6,100;0,384;0,000;-0,005;0,006;6,100;0,070;0,000;-0,005;0,006;6,100;0,803;0,000;-0,005;0,006;6,100;-0,314;0,000;-0,005;0,006;6,100;0,454;0,000;-0,006;0,006;6,100;-1,990;0,000;-0,005;0,006;6,100;0,873;0,000;-0,006;0,006;6,100;1,431;0,000;-0,005;0,006;6,100;1,658;0,000;-0,005;0,006
6,150;0,960;0,000;-0,005;0,006;6,150;0,244;0,000;-0,005;0,006;6,150;-0,087;0,000;-0,005;0,006;6,150;0,681;0,000;-0,005;0,006;6,150;-0,367;0,000;-0,005;0,006;6,150;0,314;0,000;-0,005;0,006;6,150;-1,658;0,000;-0,005;0,006;6,150;0,436;0,000;-0,005;0,006;6,150;1,030;0,000;-0,005;0,006;6,150;1,955;0,000;-0,005;0,006
6,200;0,820;0,000;-0,005;0,006;6,200;0,122;0,000;-0,005;0,006;6,200;-0,192;0,000;-0,005;0,006;6,200;0,541;0,000;-0,005;0,006;6,200;-0,384;0,000;-0,005;0,006;6,200;0,192;0,000;-0,005;0,006;6,200;-1,239;0,000;-0,005;0,006;6,200;-0,035;0,000;-0,005;0,006;6,200;0,576;0,000;-0,005;0,006;6,200;2,164;0,000;-0,005;0,006
6,250;0,663;0,000;-0,005;0,006;6,250;0,017;0,000;-0,005;0,006;6,250;-0,279;0,000;-0,005;0,006;6,250;0,384;0,000;-0,005;0,006;6,250;-0,384;0,000;-0,005;0,006;6,250;0,087;0,000;-0,005;0,006;6,250;-0,785;0,000;-0,005;0,006;6,250;-0,471;0,000;-0,005;0,006;6,250;0,122;0,000;-0,006;0,006;6,250;2,251;0,000;-0,005;0,006
6,300;0,489;0,000;-0,005;0,006;6,300;-0,070;0,000;-0,005;0,006;6,300;-0,314;0,000;-0,005;0,006;6,300;0,209;0,000;-0,005;0,006;6,300;-0,367;0,000;-0,005;0,006;6,300;-0,017;0,000;-0,005;0,006;6,300;-0,297;0,017;-0,005;0,006;6,300;-0,908;0,000;-0,005;0,006;6,300;-0,349;0,000;-0,005;0,006;6,300;2,234;0,000;-0,005;0,006
6,350;0,332;0,000;-0,005;0,006;6,350;-0,122;0,000;-0,005;0,006;6,350;-0,314;0,000;-0,005;0,006;6,350;0,035;0,000;-0,005;0,006;6,350;-0,314;0,000;-0,005;0,006;6,350;-0,087;0,000;-0,005;0,006;6,350;0,209;0,017;-0,005;0,006;6,350;-1,292;0,000;-0,005;0,006;6,350;-0,785;0,000;-0,005;0,006;6,350;2,094;0,000;-0,005;0,006
6,400;0,157;0,000;-0,005;0,006;6,400;-0,157;0,000;-0,005;0,006;6,400;-0,262;0,000;-0,005;0,006;6,400;-0,157;0,000;-0,005;0,006;6,400;-0,244;0,000;-0,005;0,006;6,400;-0,122;0,000;-0,006;0,006;6,400;0,698;0,017;-0,005;0,006;6,400;-1,606;0,000;-0,005;0,006;6,400;-1,187;0,000;-0,005;0,006;6,400;1,868;0,000;-0,005;0,006
6,450;-0,017;0,000;-0,005;0,006;6,450;-0,157;0,000;-0,005;0,006;6,450;-0,192;0,000;-0,005;0,006;6,450;-0,314;0,000;-0,005;0,006;6,450;-0,175;0,000;-0,005;0,006;6,450;-0,140;0,000;-0,005;0,006;6,450;1,134;0,017;-0,005;0,006;6,450;-1,833;-0,017;-0,005;0,006;6,450;-1,536;0,000;-0,006;0,006;6,450;1,571;0,000;-0,005;0,006
6,500;-0,175;0,000;-0,005;0,006;6,500;-0,140;0,000;-0,005;0,006;6,500;-0,087;0,000;-0,005;0,006;6,500;-0,471;0,000;-0,005;0,006;6,500;-0,105;0,000;-0,005;0,006;6,500;-0,122;0,000;-0,006;0,006;6,500;1,501;0,017;-0,005;0,006;6,500;-1,990;-0,017;-0,005;0,006;6,500;-1,798;-0,017;-0,005;0,006;6,500;1,187;0,000;-0,005;0,006
6,550;-0,297;0,000;-0,005;0,006;6,550;-0,087;0,000;-0,005;0,006;6,550;0,035;0,000;-0,005;0,006;6,550;-0,593;0,000;-0,005;0,006;6,550;-0,017;0,000;-0,005;0,006;6,550;-0,087;0,000;-0,005;0,006;6,550;1,798;0,017;-0,005;0,006;6,550;-2,025;-0,017;-0,005;0,006;6,550;-1,955;-0,017;-0,005;0,006;6,550;0,750;0,000;-0,005;0,006
6,600;-0,401;0,000;-0,005;0,006;6,600;-0,035;0,000;-0,005;0,006;6,600;0,175;0,000;-0,005;0,006;6,600;-0,681;0,000;-0,005;0,006;6,600;0,052;0,000;-0,005;0,006;6,600;-0,017;0,000;-0,005;0,006;6,600;1,972;0,017;-0,005;0,006;6,600;-1,955;-0,017;-0,005;0,006;6,600;-2,025;-0,017;-0,005;0,006;6,600;0,279;0,000;-0,005;0,006
6,650;-0,471;0,000;-0,005;0,006;6,650;0,052;0,000;-0,005;0,006;6,650;0,314;0,000;-0,005;0,006;6,650;-0,733;0,000;-0,005;0,006;6,650;0,105;0,000;-0,005;0,006;6,650;0,052;0,000;-0,005;0,006;6,650;2,042;0,017;-0,005;0,006;6,650;-1,815;-0,017;-0,005;0,006;6,650;-1,990;-0,017;-0,005;0,006;6,650;-0,192;0,000;-0,005;0,006
6,700;-0,489;0,000;-0,005;0,006;6,700;0,140;0,000;-0,005;0,006;6,700;0,471;0,000;-0,005;0,006;6,700;-0,733;0,000;-0,005;0,006;6,700;0,157;0,000;-0,005;0,006;6,700;0,140;0,000;-0,005;0,006;6,700;1,990;0,017;-0,005;0,006;6,700;-1,571;-0,017;-0,005;0,006;6,700;-1,868;-0,017;-0,005;0,006;6,700;-0,646;0,000;-0,005;0,006
6,750;-0,489;0,000;-0,005;0,006;6,750;0,227;0,000;-0,005;0,006;6,750;0,611;0,000;-0,005;0,006;6,750;-0,716;0,000;-0,005;0,006;6,750;0,175;0,000;-0,005;0,006;6,750;0,244;0,000;-0,006;0,006;6,750;1,850;0,017;-0,005;0,006;6,750;-1,274;-0,017;-0,005;0,006;6,750;-1,658;-0,017;-0,005;0,006;6,750;-1,082;0,000;-0,005;0,006
6,800;-0,454;0,000;-0,005;0,006;6,800;0,314;0,000;-0,005;0,006;6,800;0,750;0,000;-0,005;0,006;6,800;-0,646;0,000;-0,005;0,006;6,800;0,192;0,000;-0,005;0,006;6,800;0,332;0,000;-0,005;0,006;6,800;1,623;0,017;-0,005;0,006;6,800;-0,925;-0,017;-0,005;0,006;6,800;-1,361;-0,017;-0,005;0,006;6,800;-1,449;0,000;-0,005;0,006
6,850;-0,384;0,000;-0,005;0,006;6,850;0,384;0,000;-0,005;0,006;6,850;0,855;0,000;-0,005;0,006;6,850;-0,559;0,000;-0,005;0,006;6,850;0,192;0,000;-0,005;0,006;6,850;0,419;0,000;-0,006;0,006;6,850;1,326;0,017;-0,005;0,006;6,850;-0,541;0,000;-0,005;0,006;6,850;-1,030;-0,017;-0,005;0,006;6,850;-1,745;-0,017;-0,005;0,006
6,900;-0,297;0,000;-0,005;0,006;6,900;0,454;0,000;-0,005;0,006;6,900;0,942;0,000;-0,005;0,006;6,900;-0,454;0,000;-0,005;0,006;6,900;0,175;0,000;-0,005;0,006;6,900;0,489;0,000;-0,005;0,006;6,900;0,977;0,017;-0,005;0,006;6,900;-0,122;0,000;-0,005;0,006;6,900;-0,628;-0,017;-0,005;0,006;6,900;-1,955;-0,017;-0,005;0,006
6,950;-0,175;0,000;-0,005;0,006;6,950;0,506;0,000;-0,005;0,006;6,950;0,995;0,000;-0,005;0,006;6,950;-0,332;0,000;-0,005;0,006;6,950;0,157;0,000;-0,005;0,006;6,950;0,559;0,000;-0,006;0,006;6,950;0,576;0,017;-0,005;0,006;6,950;0,279;0,000;-0,005;0,006;6,950;-0,209;0,000;-0,005;0,006;6,950;-2,059;-0,017;-0,005;0,006
7,000;-0,052;0,000;-0,005;0,006;7,000;0,541;0,000;-0,005;0,006;7,000;0,995;0,000;-0,005;0,006;7,000;-0,192;0,000;-0,005;0,006;7,000;0,122;0,000;-0,005;0,006;7,000;0,593;0,000;-0,005;0,006;7,000;0,175;0,017;-0,005;0,006;7,000;0,663;0,000;-0,005;0,006;7,000;0,209;0,000;-0,005;0,006;7,000;-2,059;-0,017;-0,005;0,006
7,050;0,087;0,000;-0,005;0,006;7,050;0,559;0,000;-0,005;0,006;7,050;0,977;0,000;-0,005;0,006;7,050;-0,052;0,000;-0,005;0,006;7,050;0,087;0,000;-0,005;0,006;7,050;0,628;0,000;-0,005;0,006;7,050;-0,244;0,017;-0,005;0,006;7,050;1,012;0,000;-0,005;0,006;7,050;0,611;0,000;-0,005;0,006;7,050;-1,972;-0,017;-0,005;0,006
7,100;0,227;0,000;-0,005;0,006;7,100;0,541;0,000;-0,005;0,006;7,100;0,925;0,000;-0,005;0,006;7,100;0,070;0,000;-0,005;0,006;7,100;0,052;0,000;-0,005;0,006;7,100;0,628;0,000;-0,005;0,006;7,100;-0,646;0,017;-0,005;0,006;7,100;1,309;0,000;-0,005;0,006;7,100;0,977;0,000;-0,005;0,006;7,100;-1,780;-0,017;-0,005;0,006
7,150;0,349;0,000;-0,005;0,006;7,150;0,524;0,000;-0,005;0,006;7,150;0,855;0,000;-0,005;0,006;7,150;0,175;0,000;-0,005;0,006;7,150;0,035;0,000;-0,005;0,006;7,150;0,611;0,000;-0,005;0,006;7,150;-1,012;0,017;-0,005;0,006;7,150;1,518;0,000;-0,005;0,006;7,150;1,292;0,000;-0,005;0,006;7,150;-1,518;-0,017;-0,005;0,006
7,200;0,471;0,000;-0,005;0,006;7,200;0,489;0,000;-0,005;0,006;7,200;0,785;0,000;-0,005;0,006;7,200;0,262;0,000;-0,005;0,006;7,200;0,000;0,000;-0,005;0,006;7,200;0,576;0,000;-0,005;0,006;7,200;-1,326;0,017;-0,005;0,006;7,200;1,658;0,000;-0,005;0,006;7,200;1,536;0,000;-0,005;0,006;7,200;-1,169;-0,017;-0,005;0,006
7,250;0,559;0,000;-0,005;0,006;7,250;0,454;0,000;-0,005;0,006;7,250;0,681;0,000;-0,005;0,006;7,250;0,332;0,000;-0,005;0,006;7,250;-0,017;0,000;-0,005;0,006;7,250;0,541;0,000;-0,006;0,006;7,250;-1,571;0,017;-0,005;0,006;7,250;1,710;0,000;-0,005;0,006;7,250;1,710;0,000;-0,005;0,006;7,250;-0,785;-0,017;-0,005;0,006
7,300;0,646;0,000;-0,005;0,006;7,300;0,401;0,000;-0,005;0,006;7,300;0,576;0,000;-0,005;0,006;7,300;0,349;0,000;-0,005;0,006;7,300;-0,035;0,000;-0,005;0,006;7,300;0,506;0,000;-0,005;0,006;7,300;-1,728;0,000;-0,005;0,006;7,300;1,658;0,000;-0,005;0,006;7,300;1,780;0,000;-0,005;0,006;7,300;-0,367;-0,017;-0,005;0,006
7,350;0,681;0,000;-0,005;0,006;7,350;0,367;0,000;-0,005;0,006;7,350;0,489;0,000;-0,005;0,006;7,350;0,367;0,000;-0,006;0,006;7,350;-0,035;0,000;-0,005;0,006;7,350;0,454;0,000;-0,005;0,006;7,350;-1,798;0,000;-0,005;0,006;7,350;1,536;0,000;-0,005;0,006;7,350;1,763;0,000;-0,005;0,006;7,350;0,052;0,000;-0,005;0,006
7,400;0,698;0,000;-0,005;0,006;7,400;0,314;0,000;-0,005;0,006;7,400;0,384;0,000;-0,005;0,006;7,400;0,332;0,000;-0,005;0,006;7,400;-0,035;0,000;-0,005;0,006;7,400;0,419;0,000;-0,005;0,006;7,400;-1,780;0,000;-0,005;0,006;7,400;1,326;0,000;-0,005;0,006;7,400;1,658;0,000;-0,005;0,006;7,400;0,471;0,000;-0,005;0,006
7,450;0,698;0,000;-0,005;0,006;7,450;0,279;0,000;-0,005;0,006;7,450;0,297;0,000;-0,005;0,006;7,450;0,297;0,000;-0,005;0,006;7,450;-0,017;0,000;-0,005;0,006;7,450;0,367;0,000;-0,005;0,006;7,450;-1,676;0,000;-0,005;0,006;7,450;1,065;0,000;-0,005;0,006;7,450;1,466;0,000;-0,005;0,006;7,450;0,873;0,000;-0,005;0,006
7,500;0,646;0,000;-0,005;0,006;7,500;0,262;0,000;-0,005;0,006;7,500;0,227;0,000;-0,005;0,006;7,500;0,244;0,000;-0,005;0,006;7,500;0,000;0,000;-0,005;0,006;7,500;0,332;0,000;-0,005;0,006;7,500;-1,501;0,000;-0,005;0,006;7,500;0,750;0,000;-0,005;0,006;7,500;1,222;0,000;-0,006;0,006;7,500;1,222;0,000;-0,005;0,006
7,550;0,593;0,000;-0,005;0,006;7,550;0,244;0,000;-0,005;0,006;7,550;0,175;0,000;-0,005;0,006;7,550;0,192;0,000;-0,005;0,006;7,550;0,000;0,000;-0,005;0,006;7,550;0,314;0,000;-0,005;0,006;7,550;-1,257;0,000;-0,005;0,006;7,550;0,401;0,000;-0,005;0,006;7,550;0,908;0,000;-0,005;0,006;7,550;1,501;0,000;-0,005;0,006
7,600;0,524;0,000;-0,005;0,006;7,600;0,244;0,000;-0,005;0,006;7,600;0,140;0,000;-0,005;0,006;7,600;0,122;0,000;-0,005;0,006;7,600;0,017;0,000;-0,005;0,006;7,600;0,297;0,000;-0,006;0,006;7,600;-0,960;0,000;-0,005;0,006;7,600;0,052;0,000;-0,005;0,006;7,600;0,559;0,000;-0,005;0,006;7,600;1,693;0,000;-0,005;0,006
7,650;0,436;0,000;-0,005;0,006;7,650;0,262;0,000;-0,005;0,006;7,650;0,122;0,000;-0,005;0,006;7,650;0,052;0,000;-0,005;0,006;7,650;0,035;0,000;-0,005;0,006;7,650;0,297;0,000;-0,005;0,006;7,650;-0,611;0,017;-0,005;0,006;7,650;-0,297;0,000;-0,005;0,006;7,650;0,192;0,000;-0,005;0,006;7,650;1,798;0,000;-0,005;0,006
7,700;0,332;0,000;-0,005;0,006;7,700;0,279;0,000;-0,005;0,006;7,700;0,140;0,000;-0,005;0,006;7,700;-0,017;0,000;-0,005;0,006;7,700;0,052;0,000;-0,005;0,006;7,700;0,314;0,000;-0,005;0,006;7,700;-0,244;0,017;-0,005;0,006;7,700;-0,646;0,000;-0,005;0,006;7,700;-0,175;0,000;-0,005;0,006;7,700;1,815;0,000;-0,005;0,006
7,750;0,227;0,000;-0,005;0,006;7,750;0,297;0,000;-0,005;0,006;7,750;0,175;0,000;-0,005;0,006;7,750;-0,070;0,000;-0,005;0,006;7,750;0,070;0,000;-0,005;0,006;7,750;0,332;0,000;-0,005;0,006;7,750;0,122;0,017;-0,005;0,006;7,750;-0,942;0,000;-0,005;0,006;7,750;-0,524;0,000;-0,005;0,006;7,750;1,745;0,000;-0,005;0,006
7,800;0,140;0,000;-0,005;0,006;7,800;0,314;0,000;-0,005;0,006;7,800;0,209;0,000;-0,005;0,006;7,800;-0,105;0,000;-0,005;0,006;7,800;0,070;0,000;-0,005;0,006;7,800;0,349;0,000;-0,006;0,006;7,800;0,489;0,017;-0,005;0,006;7,800;-1,204;0,000;-0,005;0,006;7,800;-0,855;0,000;-0,005;0,006;7,800;1,588;0,000;-0,005;0,006
7,850;0,052;0,000;-0,005;0,006;7,850;0,332;0,000;-0,005;0,006;7,850;0,262;0,000;-0,005;0,006;7,850;-0,140;0,000;-0,005;0,006;7,850;0,070;0,000;-0,005;0,006;7,850;0,367;0,000;-0,005;0,006;7,850;0,820;0,017;-0,005;0,006;7,850;-1,414;0,000;-0,005;0,006;7,850;-1,134;0,000;-0,005;0,006;7,850;1,344;0,000;-0,005;0,006
7,900;-0,035;0,000;-0,005;0,006;7,900;0,349;0,000;-0,005;0,006;7,900;0,314;0,000;-0,005;0,006;7,900;-0,157;0,000;-0,005;0,006;7,900;0,070;0,000;-0,005;0,006;7,900;0,384;0,000;-0,006;0,006;7,900;1,100;0,017;-0,005;0,006;7,900;-1,536;0,000;-0,005;0,006;7,900;-1,361;0,000;-0,005;0,006;7,900;1,065;0,000;-0,005;0,006
7,950;-0,087;0,000;-0,005;0,006;7,950;0,367;0,000;-0,005;0,006;7,950;0,384;0,000;-0,005;0,006;7,950;-0,175;0,000;-0,005;0,006;7,950;0,052;0,000;-0,005;0,006;7,950;0,384;0,000;-0,005;0,006;7,950;1,344;0,017;-0,005;0,006;7,950;-1,588;0,000;-0,005;0,006;7,950;-1,518;0,000;-0,005;0,006;7,950;0,716;0,000;-0,005;0,006
8,000;-0,122;0,000;-0,005;0,006;8,000;0,367;0,000;-0,005;0,006;8,000;0,454;0,000;-0,005;0,006;8,000;-0,157;0,000;-0,005;0,006;8,000;0,052;0,000;-0,005;0,006;8,000;0,401;0,000;-0,005;0,006;8,000;1,501;0,017;-0,005;0,006;8,000;-1,571;0,000;-0,005;0,006;8,000;-1,588;-0,017;-0,006;0,006;8,000;0,367;0,000;-0,005;0,006
8,050;-0,140;0,000;-0,005;0,006;8,050;0,384;0,000;-0,005;0,006;8,050;0,506;0,000;-0,005;0,006;8,050;-0,157;0,000;-0,005;0,006;8,050;0,035;0,000;-0,005;0,006;8,050;0,419;0,000;-0,006;0,006;8,050;1,571;0,017;-0,005;0,006;8,050;-1,466;-0,017;-0,005;0,006;8,050;-1,588;-0,017;-0,006;0,006;8,050;-0,017;0,000;-0,005;0,006
8,100;-0,140;0,000;-0,005;0,006;8,100;0,384;0,000;-0,005;0,006;8,100;0,541;0,000;-0,005;0,006;8,100;-0,122;0,000;-0,005;0,006;8,100;0,035;0,000;-0,005;0,006;8,100;0,419;0,000;-0,005;0,006;8,100;1,571;0,017;-0,005;0,006;8,100;-1,309;-0,017;-0,005;0,006;8,100;-1,518;-0,017;-0,005;0,006;8,100;-0,384;0,000;-0,005;0,006
8,150;-0,105;0,000;-0,005;0,006;8,150;0,367;0,000;-0,005;0,006;8,150;0,559;0,000;-0,005;0,006;8,150;-0,105;0,000;-0,005;0,006;8,150;0,035;0,000;-0,005;0,006;8,150;0,419;0,000;-0,005;0,006;8,150;1,484;0,017;-0,005;0,006;8,150;-1,082;-0,017;-0,005;0,006;8,150;-1,361;-0,017;-0,005;0,006;8,150;-0,716;0,000;-0,005;0,006
8,200;-0,052;0,000;-0,005;0,006;8,200;0,367;0,000;-0,005;0,006;8,200;0,576;0,000;-0,005;0,006;8,200;-0,070;0,000;-0,005;0,006;8,200;0,017;0,000;-0,005;0,006;8,200;0,419;0,000;-0,005;0,006;8,200;1,326;0,017;-0,005;0,006;8,200;-0,820;-0,017;-0,005;0,006;8,200;-1,152;-0,017;-0,005;0,006;8,200;-1,030;0,000;-0,005;0,006
8,250;0,000;0,000;-0,005;0,006;8,250;0,349;0,000;-0,005;0,006;8,250;0,576;0,000;-0,005;0,006;8,250;-0,035;0,000;-0,005;0,006;8,250;0,017;0,000;-0,005;0,006;8,250;0,419;0,000;-0,005;0,006;8,250;1,100;0,017;-0,005;0,006;8,250;-0,524;0,000;-0,005;0,006;8,250;-0,890;-0,017;-0,005;0,006;8,250;-1,292;0,000;-0,005;0,006
8,300;0,052;0,000;-0,005;0,006;8,300;0,349;0,000;-0,005;0,006;8,300;0,576;0,000;-0,005;0,006;8,300;0,000;0,000;-0,005;0,006;8,300;0,017;0,000;-0,005;0,006;8,300;0,401;0,000;-0,006;0,006;8,300;0,838;0,017;-0,005;0,006;8,300;-0,209;0,000;-0,005;0,006;8,300;-0,593;-0,017;-0,005;0,006;8,300;-1,466;-0,017;-0,005;0,006
8,350;0,122;0,000;-0,005;0,006;8,350;0,332;0,000;-0,005;0,006;8,350;0,559;0,000;-0,005;0,006;8,350;0,017;0,000;-0,005;0,006;8,350;0,017;0,000;-0,005;0,006;8,350;0,401;0,000;-0,005;0,006;8,350;0,524;0,017;-0,005;0,006;8,350;0,122;0,000;-0,005;0,006;8,350;-0,279;0,000;-0,005;0,006;8,350;-1,588;-0,017;-0,005;0,006
8,400;0,192;0,000;-0,005;0,006;8,400;0,332;0,000;-0,005;0,006;8,400;0,524;0,000;-0,005;0,006;8,400;0,052;0,000;-0,005;0,006;8,400;0,017;0,000;-0,005;0,006;8,400;0,384;0,000;-0,005;0,006;8,400;0,209;0,017;-0,005;0,006;8,400;0,419;0,000;-0,005;0,006;8,400;0,052;0,000;-0,005;0,006;8,400;-1,623;-0,017;-0,005;0,006
8,450;0,244;0,000;-0,005;0,006;8,450;0,314;0,000;-0,005;0,006;8,450;0,506;0,000;-0,005;0,006;8,450;0,070;0,000;-0,005;0,006;8,450;0,035;0,000;-0,005;0,006;8,450;0,384;0,000;-0,005;0,006;8,450;-0,122;0,017;-0,005;0,006;8,450;0,698;0,000;-0,005;0,006;8,450;0,367;0,000;-0,005;0,006;8,450;-1,571;-0,017;-0,005;0,006
8,500;0,297;0,000;-0,005;0,006;8,500;0,314;0,000;-0,005;0,006;8,500;0,471;0,000;-0,005;0,006;8,500;0,070;0,000;-0,005;0,006;8,500;0,035;0,000;-0,005;0,006;8,500;0,384;0,000;-0,005;0,006;8,500;-0,436;0,017;-0,005;0,006;8,500;0,942;0,000;-0,005;0,006;8,500;0,663;0,000;-0,005;0,006;8,500;-1,449;-0,017;-0,005;0,006
8,550;0,332;0,000;-0,005;0,006;8,550;0,314;0,000;-0,005;0,006;8,550;0,454;0,000;-0,005;0,006;8,550;0,070;0,000;-0,005;0,006;8,550;0,035;0,000;-0,005;0,006;8,550;0,384;0,000;-0,005;0,006;8,550;-0,733;0,017;-0,005;0,006;8,550;1,117;0,000;-0,005;0,006;8,550;0,925;0,000;-0,005;0,006;8,550;-1,257;-0,017;-0,005;0,006
8,600;0,349;0,000;-0,005;0,006;8,600;0,314;0,000;-0,005;0,006;8,600;0,436;0,000;-0,005;0,006;8,600;0,052;0,000;-0,005;0,006;8,600;0,052;0,000;-0,005;0,006;8,600;0,384;0,000;-0,005;0,006;8,600;-0,977;0,017;-0,005;0,006;8,600;1,257;0,000;-0,005;0,006;8,600;1,134;0,000;-0,005;0,006;8,600;-1,030;-0,017;-0,005;0,006
8,650;0,349;0,000;-0,005;0,006;8,650;0,314;0,000;-0,005;0,006;8,650;0,436;0,000;-0,005;0,006;8,650;0,035;0,000;-0,005;0,006;8,650;0,052;0,000;-0,005;0,006;8,650;0,384;0,000;-0,005;0,006;8,650;-1,187;0,017;-0,005;0,006;8,650;1,309;0,000;-0,005;0,006;8,650;1,292;0,000;-0,005;0,006;8,650;-0,733;-0,017;-0,005;0,006
8,700;0,332;0,000;-0,005;0,006;8,700;0,332;0,000;-0,005;0,006;8,700;0,436;0,000;-0,005;0,006;8,700;0,017;0,000;-0,005;0,006;8,700;0,052;0,000;-0,005;0,006;8,700;0,384;0,000;-0,005;0,006;8,700;-1,326;0,017;-0,005;0,006;8,700;1,292;0,000;-0,005;0,006;8,700;1,379;0,000;-0,005;0,006;8,700;-0,419;0,000;-0,005;0,006
8,750;0,314;0,000;-0,005;0,006;8,750;0,332;0,000;-0,005;0,006;8,750;0,436;0,000;-0,005;0,006;8,750;0,000;0,000;-0,005;0,006;8,750;0,052;0,000;-0,005;0,006;8,750;0,384;0,000;-0,005;0,006;8,750;-1,396;0,017;-0,005;0,006;8,750;1,222;0,000;-0,005;0,006;8,750;1,379;0,000;-0,005;0,006;8,750;-0,087;0,000;-0,005;0,006
8,800;0,279;0,000;-0,005;0,006;8,800;0,332;0,000;-0,005;0,006;8,800;0,454;0,000;-0,005;0,006;8,800;-0,017;0,000;-0,005;0,006;8,800;0,052;0,000;-0,005;0,006;8,800;0,384;0,000;-0,005;0,006;8,800;-1,396;0,017;-0,005;0,006;8,800;1,082;0,000;-0,005;0,006;8,800;1,326;0,000;-0,005;0,006;8,800;0,227;0,000;-0,005;0,006
8,850;0,262;0,000;-0,005;0,006;8,850;0,349;0,000;-0,005;0,006;8,850;0,454;0,000;-0,005;0,006;8,850;-0,035;0,000;-0,005;0,006;8,850;0,052;0,000;-0,005;0,006;8,850;0,401;0,000;-0,005;0,006;8,850;-1,309;0,017;-0,005;0,006;8,850;0,890;0,000;-0,005;0,006;8,850;1,187;0,000;-0,005;0,006;8,850;0,541;0,000;-0,005;0,006
8,900;0,227;0,000;-0,005;0,006;8,900;0,349;0,000;-0,005;0,006;8,900;0,454;0,000;-0,005;0,006;8,900;-0,052;0,000;-0,005;0,006;8,900;0,035;0,000;-0,005;0,006;8,900;0,401;0,000;-0,005;0,006;8,900;-1,169;0,017;-0,005;0,006;8,900;0,681;0,000;-0,005;0,006;8,900;1,012;0,000;-0,005;0,006;8,900;0,838;0,000;-0,005;0,006
8,950;0,192;0,000;-0,005;0,006;8,950;0,349;0,000;-0,005;0,006;8,950;0,471;0,000;-0,005;0,006;8,950;-0,052;0,000;-0,005;0,006;8,950;0,035;0,000;-0,005;0,006;8,950;0,401;0,000;-0,005;0,006;8,950;-0,977;0,017;-0,005;0,006;8,950;0,436;0,000;-0,005;0,006;8,950;0,803;0,000;-0,005;0,006;8,950;1,065;0,000;-0,005;0,006
9,000;0,175;0,000;-0,005;0,006;9,000;0,349;0,000;-0,005;0,006;9,000;0,471;0,000;-0,005;0,006;9,000;-0,052;0,000;-0,005;0,006;9,000;0,035;0,000;-0,005;0,006;9,000;0,401;0,000;-0,005;0,006;9,000;-0,750;0,017;-0,005;0,006;9,000;0,175;0,000;-0,005;0,006;9,000;0,559;0,000;-0,006;0,006;9,000;1,257;0,000;-0,005;0,006
9,050;0,157;0,000;-0,005;0,006;9,050;0,349;0,000;-0,005;0,006;9,050;0,471;0,000;-0,005;0,006;9,050;-0,052;0,000;-0,005;0,006;9,050;0,035;0,000;-0,005;0,006;9,050;0,384;0,000;-0,005;0,006;9,050;-0,471;0,017;-0,005;0,006;9,050;-0,087;0,000;-0,005;0,006;9,050;0,297;0,000;-0,005;0,006;9,050;1,361;0,000;-0,005;0,006
9,100;0,157;0,000;-0,005;0,006;9,100;0,332;0,000;-0,005;0,006;9,100;0,471;0,000;-0,005;0,006;9,100;-0,052;0,000;-0,005;0,006;9,100;0,035;0,000;-0,005;0,006;9,100;0,384;0,000;-0,005;0,006;9,100;-0,192;0,017;-0,005;0,006;9,100;-0,349;0,000;-0,005;0,006;9,100;0,017;0,000;-0,005;0,006;9,100;1,414;0,000;-0,005;0,006
9,150;0,140;0,000;-0,005;0,006;9,150;0,332;0,000;-0,005;0,006;9,150;0,471;0,000;-0,005;0,006;9,150;-0,035;0,000;-0,005;0,006;9,150;0,035;0,000;-0,005;0,006;9,150;0,384;0,000;-0,005;0,006;9,150;0,087;0,017;-0,005;0,006;9,150;-0,576;0,000;-0,005;0,006;9,150;-0,244;0,000;-0,005;0,006;9,150;1,379;0,000;-0,005;0,006
9,200;0,157;0,000;-0,005;0,006;9,200;0,332;0,000;-0,005;0,006;9,200;0,471;0,000;-0,005;0,006;9,200;-0,035;0,000;-0,005;0,006;9,200;0,035;0,000;-0,005;0,006;9,200;0,384;0,000;-0,005;0,006;9,200;0,367;0,017;-0,005;0,006;9,200;-0,785;0,000;-0,005;0,006;9,200;-0,506;0,000;-0,005;0,006;9,200;1,274;0,000;-0,005;0,006
9,250;0,157;0,000;-0,005;0,006;9,250;0,332;0,000;-0,005;0,006;9,250;0,471;0,000;-0,005;0,006;9,250;-0,017;0,000;-0,005;0,006;9,250;0,035;0,000;-0,005;0,006;9,250;0,384;0,000;-0,005;0,006;9,250;0,628;0,017;-0,005;0,006;9,250;-0,960;0,000;-0,005;0,006;9,250;-0,733;0,000;-0,005;0,006;9,250;1,117;0,000;-0,005;0,006
9,300;0,175;0,000;-0,005;0,006;9,300;0,332;0,000;-0,005;0,006;9,300;0,454;0,000;-0,005;0,006;9,300;-0,017;0,000;-0,005;0,006;;;;;;9,300;0,384;0,000;-0,005;0,006;9,300;0,838;0,017;-0,005;0,006;9,300;-1,082;0,000;-0,005;0,006;9,300;-0,908;0,000;-0,005;0,006;9,300;0,908;0,000;-0,005;0,006
9,350;0,175;0,000;-0,005;0,006;9,350;0,332;0,000;-0,005;0,006;9,350;0,454;0,000;-0,005;0,006;9,350;0,000;0,000;-0,005;0,006;;;;;;9,350;0,384;0,000;-0,005;0,006;9,350;1,012;0,017;-0,005;0,006;9,350;-1,152;0,000;-0,005;0,006;9,350;-1,047;0,000;-0,005;0,006;9,350;0,663;0,000;-0,005;0,006
9,400;0,192;0,000;-0,005;0,006;9,400;0,332;0,000;-0,005;0,006;9,400;0,454;0,000;-0,005;0,006;9,400;0,000;0,000;-0,005;0,006;;;;;;9,400;0,384;0,000;-0,005;0,006;9,400;1,134;0,017;-0,005;0,006;9,400;-1,152;0,000;-0,005;0,006;9,400;-1,152;0,000;-0,005;0,006;9,400;0,384;0,000;-0,005;0,006
9,450;0,209;0,000;-0,005;0,006;9,450;0,332;0,000;-0,005;0,006;9,450;0,454;0,000;-0,005;0,006;9,450;0,017;0,000;-0,005;0,006;;;;;;9,450;0,384;0,000;-0,005;0,006;9,450;1,204;0,017;-0,005;0,006;9,450;-1,100;0,000;-0,005;0,006;9,450;-1,169;0,000;-0,006;0,006;9,450;0,105;0,000;-0,005;0,006
9,500;0,227;0,000;-0,005;0,006;9,500;0,332;0,000;-0,005;0,006;9,500;0,454;0,000;-0,005;0,006;9,500;0,017;0,000;-0,005;0,006;;;;;;9,500;0,384;0,000;-0,006;0,006;9,500;1,204;0,017;-0,005;0,006;9,500;-1,012;0,000;-0,005;0,006;9,500;-1,134;0,000;-0,005;0,006;9,500;-0,192;0,000;-0,005;0,006
9,550;0,227;0,000;-0,005;0,006;9,550;0,332;0,000;-0,005;0,006;9,550;0,454;0,000;-0,005;0,006;9,550;0,000;0,000;-0,005;0,006;;;;;;;;;;;9,550;1,134;0,017;-0,005;0,006;9,550;-0,873;0,000;-0,005;0,006;9,550;-1,065;0,000;-0,005;0,006;9,550;-0,454;0,000;-0,005;0,006
9,600;0,227;0,000;-0,005;0,006;9,600;0,332;0,000;-0,005;0,006;9,600;0,454;0,000;-0,005;0,006;9,600;0,000;0,000;-0,005;0,006;;;;;;;;;;;9,600;1,012;0,017;-0,005;0,006;9,600;-0,698;0,000;-0,005;0,006;9,600;-0,925;0,000;-0,005;0,006;9,600;-0,698;0,000;-0,005;0,006
9,650;0,244;0,000;-0,005;0,006;9,650;0,332;0,000;-0,005;0,006;9,650;0,454;0,000;-0,005;0,006;9,650;0,000;0,000;-0,005;0,006;;;;;;;;;;;9,650;0,855;0,017;-0,005;0,006;9,650;-0,489;0,000;-0,005;0,006;9,650;-0,768;0,000;-0,005;0,006;9,650;-0,908;0,000;-0,005;0,006
9,700;0,227;0,000;-0,005;0,006;9,700;0,332;0,000;-0,005;0,006;9,700;0,454;0,000;-0,005;0,006;9,700;-0,017;0,000;-0,005;0,006;;;;;;;;;;;9,700;0,663;0,017;-0,005;0,006;9,700;-0,279;0,000;-0,005;0,006;9,700;-0,559;0,000;-0,005;0,006;9,700;-1,065;0,000;-0,005;0,006
9,750;0,227;0,000;-0,005;0,006;9,750;0,332;0,000;-0,005;0,006;9,750;0,471;0,000;-0,005;0,006;9,750;-0,017;0,000;-0,005;0,006;;;;;;;;;;;9,750;0,454;0,017;-0,005;0,006;9,750;-0,052;0,000;-0,005;0,006;9,750;-0,349;0,000;-0,005;0,006;9,750;-1,169;0,000;-0,005;0,006
9,800;0,227;0,000;-0,005;0,006;9,800;0,332;0,000;-0,005;0,006;9,800;0,471;0,000;-0,005;0,006;9,800;-0,017;0,000;-0,005;0,006;;;;;;;;;;;9,800;0,227;0,017;-0,005;0,006;9,800;0,157;0,000;-0,005;0,006;9,800;-0,105;0,000;-0,005;0,006;9,800;-1,222;-0,017;-0,005;0,006
9,850;0,209;0,000;-0,005;0,006;9,850;0,332;0,000;-0,005;0,006;9,850;0,471;0,000;-0,005;0,006;9,850;-0,035;0,000;-0,005;0,006;;;;;;;;;;;9,850;0,000;0,017;-0,005;0,006;9,850;0,367;0,000;-0,005;0,006;9,850;0,122;0,000;-0,005;0,006;9,850;-1,204;-0,017;-0,005;0,006
9,900;0,209;0,000;-0,005;0,006;9,900;0,332;0,000;-0,005;0,006;9,900;0,471;0,000;-0,005;0,006;9,900;-0,035;0,000;-0,005;0,006;;;;;;;;;;;9,900;-0,227;0,017;-0,005;0,006;9,900;0,541;0,000;-0,005;0,006;9,900;0,349;0,000;-0,005;0,006;9,900;-1,134;0,000;-0,005;0,006
9,950;0,209;0,000;-0,005;0,006;9,950;0,332;0,000;-0,005;0,006;9,950;0,471;0,000;-0,005;0,006;9,950;;;-0,005;0,006;;;;;;;;;;;9,950;-0,436;0,017;-0,005;0,006;9,950;0,698;0,000;-0,005;0,006;9,950;0,541;0,000;-0,005;0,006;9,950;-0,995;0,000;-0,005;0,006
10,000;0,209;0,000;-0,005;0,006;10,000;0,332;0,000;-0,005;0,006;10,000;0,471;0,000;-0,005;0,006;;;;;;;;;;;;;;;;10,000;-0,611;0,017;-0,005;0,006;10,000;0,803;0,000;-0,005;0,006;10,000;0,716;0,000;-0,005;0,006;10,000;-0,838;0,000;-0,005;0,006
10,050;0,209;0,000;-0,005;0,006;10,050;0,332;0,000;-0,005;0,006;10,050;0,471;0,000;-0,005;0,006;;;;;;;;;;;;;;;;10,050;-0,768;0,017;-0,005;0,006;10,050;0,873;0,000;-0,006;0,006;10,050;0,838;0,000;-0,005;0,006;10,050;-0,628;0,000;-0,005;0,006
10,100;0,209;0,000;-0,005;0,006;10,100;0,332;0,000;-0,005;0,006;10,100;0,471;0,000;-0,005;0,006;;;;;;;;;;;;;;;;10,100;-0,873;0,017;-0,005;0,006;10,100;0,890;0,000;-0,005;0,006;10,100;0,925;0,000;-0,006;0,006;10,100;-0,401;0,000;-0,005;0,006
10,150;0,209;0,000;-0,005;0,006;10,150;0,332;0,000;-0,005;0,006;10,150;0,471;0,000;-0,005;0,006;;;;;;;;;;;;;;;;10,150;-0,925;0,017;-0,005;0,006;10,150;0,855;0,000;-0,005;0,006;10,150;0,960;0,000;-0,005;0,006;10,150;-0,175;0,000;-0,005;0,006
10,200;0,209;0,000;-0,005;0,006;10,200;0,332;0,000;-0,005;0,006;10,200;0,471;0,000;-0,005;0,006;;;;;;;;;;;;;;;;10,200;-0,925;0,017;-0,005;0,006;10,200;0,785;0,000;-0,005;0,006;10,200;0,942;0,000;-0,005;0,006;10,200;0,070;0,000;-0,005;0,006
10,250;0,209;0,000;-0,005;0,006;10,250;0,332;0,000;-0,005;0,006;10,250;0,471;0,000;-0,005;0,006;;;;;;;;;;;;;;;;10,250;-0,890;0,017;-0,005;0,006;10,250;0,681;0,000;-0,005;0,006;10,250;0,890;0,000;-0,005;0,006;10,250;0,297;0,000;-0,005;0,006
10,300;0,209;0,000;-0,005;0,006;10,300;0,332;0,000;-0,005;0,006;10,300;0,471;0,000;-0,005;0,006;;;;;;;;;;;;;;;;10,300;-0,803;0,017;-0,005;0,006;10,300;0,541;0,000;-0,006;0,006;10,300;0,785;0,000;-0,005;0,006;10,300;0,506;0,000;-0,005;0,006
10,350;0,209;0,000;-0,005;0,006;10,350;0,332;0,000;-0,005;0,006;10,350;0,471;0,000;-0,005;0,006;;;;;;;;;;;;;;;;10,350;-0,698;0,017;-0,005;0,006;10,350;0,384;0,000;-0,005;0,006;10,350;0,663;0,000;-0,005;0,006;10,350;0,698;0,000;-0,005;0,006
10,400;0,227;0,000;-0,005;0,006;10,400;0,332;0,000;-0,005;0,006;10,400;0,471;0,000;-0,005;0,006;;;;;;;;;;;;;;;;10,400;-0,559;0,017;-0,005;0,006;10,400;0,227;0,000;-0,005;0,006;10,400;0,506;0,000;-0,005;0,006;10,400;0,838;0,000;-0,005;0,006
10,450;0,227;0,000;-0,005;0,006;10,450;0,332;0,000;-0,005;0,006;10,450;0,471;0,000;-0,005;0,006;;;;;;;;;;;;;;;;10,450;-0,384;0,017;-0,005;0,006;10,450;0,070;0,000;-0,005;0,006;10,450;0,332;0,000;-0,005;0,006;10,450;0,942;0,000;-0,005;0,006
10,500;0,209;0,000;-0,005;0,006;;;;;;10,500;0,471;0,000;-0,005;0,006;;;;;;;;;;;;;;;;10,500;-0,209;0,017;-0,005;0,006;10,500;-0,105;0,000;-0,005;0,006;10,500;0,157;0,000;-0,006;0,006;10,500;0,995;0,000;-0,006;0,006
10,550;0,209;0,000;-0,005;0,006;;;;;;10,550;0,471;0,000;-0,005;0,006;;;;;;;;;;;;;;;;10,550;-0,035;0,017;-0,005;0,006;10,550;-0,262;0,000;-0,005;0,006;10,550;-0,035;0,000;-0,006;0,006;10,550;0,995;0,000;-0,005;0,006
10,600;0,209;0,000;-0,005;0,006;;;;;;10,600;0,471;0,000;-0,005;0,006;;;;;;;;;;;;;;;;10,600;0,140;0,017;-0,005;0,006;10,600;-0,401;0,000;-0,005;0,006;10,600;-0,209;0,000;-0,005;0,006;10,600;0,942;0,000;-0,005;0,006
10,650;0,209;0,000;-0,005;0,006;;;;;;10,650;0,471;0,000;-0,005;0,006;;;;;;;;;;;;;;;;10,650;0,314;0,017;-0,005;0,006;10,650;-0,524;0,000;-0,005;0,006;10,650;-0,384;0,000;-0,006;0,006;10,650;0,855;0,000;-0,005;0,006
10,700;0,209;0,000;-0,005;0,006;;;;;;10,700;0,471;0,000;-0,005;0,006;;;;;;;;;;;;;;;;10,700;0,454;0,017;-0,005;0,006;10,700;-0,611;0,000;-0,005;0,006;10,700;-0,524;0,000;-0,005;0,006;10,700;0,716;0,000;-0,005;0,006
10,750;0,209;0,000;-0,005;0,006;;;;;;10,750;0,471;0,000;-0,005;0,006;;;;;;;;;;;;;;;;10,750;0,576;0,017;-0,005;0,006;10,750;-0,663;0,000;-0,005;0,006;10,750;-0,628;0,000;-0,006;0,006;10,750;0,559;0,000;-0,005;0,006
10,800;0,209;0,000;-0,005;0,006;;;;;;10,800;0,471;0,000;-0,005;0,006;;;;;;;;;;;;;;;;10,800;0,646;0,017;-0,005;0,006;10,800;-0,681;0,000;-0,005;0,006;10,800;-0,716;0,000;-0,005;0,006;10,800;0,384;0,000;-0,005;0,006
10,850;0,209;0,000;-0,005;0,006;;;;;;10,850;0,471;0,000;-0,005;0,006;;;;;;;;;;;;;;;;10,850;0,698;0,017;-0,005;0,006;10,850;-0,663;0,000;-0,005;0,006;10,850;-0,750;0,000;-0,005;0,006;10,850;0,209;0,000;-0,005;0,006
10,900;0,209;0,000;-0,005;0,006;;;;;;10,900;0,471;0,000;-0,005;0,006;;;;;;;;;;;;;;;;10,900;0,716;0,017;-0,005;0,006;10,900;-0,611;0,000;-0,005;0,006;10,900;-0,750;0,000;-0,006;0,006;10,900;0,035;0,000;-0,005;0,006
10,950;0,209;0,000;-0,005;0,006;;;;;;10,950;0,471;0,000;-0,005;0,006;;;;;;;;;;;;;;;;10,950;0,698;0,017;-0,005;0,006;10,950;-0,541;0,000;-0,005;0,006;10,950;-0,698;0,000;-0,005;0,006;10,950;-0,157;0,000;-0,005;0,006
11,000;0,209;0,000;-0,005;0,006;;;;;;11,000;0,471;0,000;-0,005;0,006;;;;;;;;;;;;;;;;11,000;0,628;0,017;-0,005;0,006;11,000;-0,454;0,000;-0,005;0,006;11,000;-0,628;0,000;-0,006;0,006;11,000;-0,314;0,000;-0,005;0,006
11,050;0,209;0,000;-0,005;0,006;;;;;;11,050;0,471;0,000;-0,005;0,006;;;;;;;;;;;;;;;;11,050;0,541;0,017;-0,005;0,006;11,050;-0,349;0,000;-0,005;0,006;11,050;-0,541;0,000;-0,006;0,006;11,050;-0,471;0,000;-0,005;0,006
11,100;0,209;0,000;-0,005;0,006;;;;;;11,100;0,471;0,000;-0,005;0,006;;;;;;;;;;;;;;;;11,100;0,436;0,017;-0,005;0,006;11,100;-0,244;0,000;-0,005;0,006;11,100;-0,419;0,000;-0,005;0,006;11,100;-0,576;0,000;-0,005;0,006
11,150;0,209;0,000;-0,005;0,006;;;;;;11,150;0,471;0,000;-0,005;0,006;;;;;;;;;;;;;;;;11,150;0,314;0,017;-0,005;0,006;11,150;-0,122;0,000;-0,005;0,006;11,150;-0,279;0,000;-0,006;0,006;11,150;-0,663;0,000;-0,005;0,006
11,200;0,209;0,000;-0,005;0,006;;;;;;11,200;0,471;0,000;-0,005;0,006;;;;;;;;;;;;;;;;11,200;0,192;0,017;-0,005;0,006;11,200;-0,017;0,000;-0,005;0,006;11,200;-0,140;0,000;-0,006;0,006;11,200;-0,716;0,000;-0,005;0,006
11,250;0,209;0,000;-0,005;0,006;;;;;;11,250;0,471;0,000;-0,005;0,006;;;;;;;;;;;;;;;;11,250;0,070;0,017;-0,005;0,006;11,250;0,087;0,000;-0,005;0,006;11,250;0,000;0,000;-0,005;0,006;11,250;-0,716;0,000;-0,005;0,006
11,300;0,209;0,000;-0,005;0,006;;;;;;;;;;;;;;;;;;;;;;;;;;11,300;-0,052;0,017;-0,005;0,006;11,300;0,175;0,000;-0,005;0,006;11,300;0,140;0,000;-0,005;0,006;11,300;-0,681;0,000;-0,005;0,006
11,350;0,209;0,000;-0,005;0,006;;;;;;;;;;;;;;;;;;;;;;;;;;11,350;-0,175;0,017;-0,005;0,006;11,350;0,244;0,000;-0,005;0,006;11,350;0,262;0,000;-0,005;0,006;11,350;-0,628;0,000;-0,005;0,006
11,400;0,209;0,000;-0,005;0,006;;;;;;;;;;;;;;;;;;;;;;;;;;11,400;-0,262;0,017;-0,005;0,006;11,400;0,297;0,000;-0,005;0,006;11,400;0,367;0,000;-0,005;0,006;11,400;-0,541;0,000;-0,005;0,006
11,450;0,209;0,000;-0,005;0,006;;;;;;;;;;;;;;;;;;;;;;;;;;11,450;-0,349;0,017;-0,005;0,006;11,450;0,314;0,000;-0,005;0,006;11,450;0,454;0,000;-0,005;0,006;11,450;-0,419;0,000;-0,005;0,006
11,500;0,209;0,000;-0,005;0,006;;;;;;;;;;;;;;;;;;;;;;;;;;11,500;-0,401;0,017;-0,005;0,006;11,500;0,314;0,000;-0,006;0,006;11,500;0,506;0,000;-0,005;0,006;11,500;-0,297;0,000;-0,005;0,006
11,550;0,209;0,000;-0,005;0,006;;;;;;;;;;;;;;;;;;;;;;;;;;11,550;-0,436;0,017;-0,005;0,006;11,550;0,279;0,000;-0,005;0,006;11,550;0,524;0,000;-0,005;0,006;11,550;-0,175;0,000;-0,005;0,006
11,600;0,209;0,000;-0,005;0,006;;;;;;;;;;;;;;;;;;;;;;;;;;11,600;-0,454;0,017;-0,005;0,006;11,600;0,244;0,000;-0,005;0,006;11,600;0,506;0,000;-0,005;0,006;11,600;-0,035;0,000;-0,005;0,006
11,650;0,209;0,000;-0,005;0,006;;;;;;;;;;;;;;;;;;;;;;;;;;11,650;-0,436;0,017;-0,005;0,006;11,650;0,192;0,000;-0,005;0,006;11,650;0,471;0,000;-0,005;0,006;11,650;0,087;0,000;-0,005;0,006
11,700;0,209;0,000;-0,005;0,006;;;;;;;;;;;;;;;;;;;;;;;;;;11,700;-0,401;0,017;-0,005;0,006;11,700;0,122;0,000;-0,005;0,006;11,700;0,419;0,000;-0,005;0,006;11,700;0,209;0,000;-0,005;0,006
11,750;0,209;0,000;-0,005;0,006;;;;;;;;;;;;;;;;;;;;;;;;;;11,750;-0,349;0,017;-0,005;0,006;11,750;0,052;0,000;-0,005;0,006;11,750;0,332;0,000;-0,006;0,006;11,750;0,297;0,000;-0,005;0,006
11,800;0,209;0,000;-0,005;0,006;;;;;;;;;;;;;;;;;;;;;;;;;;11,800;-0,279;0,017;-0,005;0,006;11,800;-0,017;0,000;-0,005;0,006;11,800;0,244;0,000;-0,005;0,006;11,800;0,367;0,000;-0,006;0,006
;;;;;;;;;;;;;;;;;;;;;;;;;;;;;;11,850;-0,192;0,017;-0,005;0,006;11,850;-0,087;0,000;-0,005;0,006;11,850;0,157;0,000;-0,005;0,006;11,850;0,419;0,000;-0,005;0,006
;;;;;;;;;;;;;;;;;;;;;;;;;;;;;;11,900;-0,105;0,017;-0,005;0,006;11,900;-0,140;0,000;-0,005;0,006;11,900;0,052;0,000;-0,006;0,006;11,900;0,419;0,000;-0,006;0,006
;;;;;;;;;;;;;;;;;;;;;;;;;;;;;;11,950;-0,017;0,017;-0,005;0,006;11,950;-0,192;0,000;-0,005;0,006;11,950;-0,052;0,000;-0,006;0,006;11,950;0,419;0,000;-0,005;0,006
;;;;;;;;;;;;;;;;;;;;;;;;;;;;;;12,000;0,052;0,017;-0,005;0,006;12,000;-0,209;0,000;-0,005;0,006;12,000;-0,140;0,000;-0,006;0,006;12,000;0,367;0,000;-0,005;0,006
;;;;;;;;;;;;;;;;;;;;;;;;;;;;;;12,050;0,122;0,017;-0,005;0,006;12,050;-0,209;0,000;-0,006;0,006;12,050;-0,227;0,000;-0,005;0,006;12,050;0,314;0,000;-0,005;0,006
;;;;;;;;;;;;;;;;;;;;;;;;;;;;;;12,100;0,175;0,017;-0,005;0,006;12,100;-0,209;0,000;-0,005;0,006;12,100;-0,297;0,000;-0,005;0,006;12,100;0,244;0,000;-0,005;0,006
;;;;;;;;;;;;;;;;;;;;;;;;;;;;;;12,150;0,209;0,017;-0,005;0,006;12,150;-0,192;0,000;-0,005;0,006;12,150;-0,332;0,000;-0,005;0,006;12,150;0,175;0,000;-0,005;0,006
;;;;;;;;;;;;;;;;;;;;;;;;;;;;;;12,200;0,227;0,017;-0,005;0,006;12,200;-0,157;0,000;-0,005;0,006;12,200;-0,367;0,000;-0,005;0,006;12,200;0,105;0,000;-0,005;0,006
;;;;;;;;;;;;;;;;;;;;;;;;;;;;;;12,250;0,209;0,017;-0,005;0,006;12,250;-0,122;0,000;-0,005;0,006;12,250;-0,367;0,000;-0,006;0,006;12,250;0,052;0,000;-0,005;0,006
;;;;;;;;;;;;;;;;;;;;;;;;;;;;;;12,300;0,192;0,017;-0,005;0,006;12,300;-0,087;0,000;-0,005;0,006;12,300;-0,349;0,000;-0,005;0,006;12,300;-0,017;0,000;-0,005;0,006
;;;;;;;;;;;;;;;;;;;;;;;;;;;;;;12,350;0,157;0,017;-0,005;0,006;12,350;-0,052;0,000;-0,006;0,006;12,350;-0,314;0,000;-0,005;0,006;12,350;-0,070;0,000;-0,005;0,006
;;;;;;;;;;;;;;;;;;;;;;;;;;;;;;12,400;0,122;0,017;-0,005;0,006;12,400;-0,017;0,000;-0,005;0,006;12,400;-0,279;0,000;-0,005;0,006;12,400;-0,122;0,000;-0,005;0,006
;;;;;;;;;;;;;;;;;;;;;;;;;;;;;;12,450;0,087;0,017;-0,005;0,006;12,450;0,017;0,000;-0,005;0,006;12,450;-0,227;0,000;-0,005;0,006;12,450;-0,157;0,000;-0,005;0,006
;;;;;;;;;;;;;;;;;;;;;;;;;;;;;;12,500;0,035;0,017;-0,005;0,006;12,500;0,035;0,000;-0,005;0,006;12,500;-0,175;0,000;-0,005;0,006;12,500;-0,175;0,000;-0,005;0,006
;;;;;;;;;;;;;;;;;;;;;;;;;;;;;;12,550;0,017;0,017;-0,005;0,006;12,550;0,052;0,000;-0,005;0,006;12,550;-0,105;0,000;-0,006;0,006;12,550;-0,175;0,000;-0,005;0,006
;;;;;;;;;;;;;;;;;;;;;;;;;;;;;;12,600;-0,017;0,017;-0,005;0,006;12,600;0,052;0,000;-0,005;0,006;12,600;-0,035;0,000;-0,006;0,006;12,600;-0,157;0,000;-0,005;0,006
;;;;;;;;;;;;;;;;;;;;;;;;;;;;;;12,650;-0,035;0,017;-0,005;0,006;12,650;0,052;0,000;-0,006;0,006;12,650;0,017;0,000;-0,005;0,006;12,650;-0,140;0,000;-0,005;0,006
;;;;;;;;;;;;;;;;;;;;;;;;;;;;;;12,700;-0,035;0,017;-0,005;0,006;12,700;0,052;0,000;-0,005;0,006;12,700;0,070;0,000;-0,005;0,006;12,700;-0,122;0,000;-0,005;0,006
;;;;;;;;;;;;;;;;;;;;;;;;;;;;;;12,750;-0,035;0,017;-0,005;0,006;12,750;0,035;0,000;-0,005;0,006;12,750;0,105;0,000;-0,005;0,006;12,750;-0,087;0,000;-0,005;0,006
;;;;;;;;;;;;;;;;;;;;;;;;;;;;;;12,800;-0,035;0,017;-0,005;0,006;12,800;0,000;0,000;-0,005;0,006;12,800;0,122;0,000;-0,005;0,006;12,800;-0,035;0,000;-0,005;0,006
;;;;;;;;;;;;;;;;;;;;;;;;;;;;;;12,850;-0,035;0,017;-0,005;0,006;12,850;-0,017;0,000;-0,005;0,006;12,850;0,140;0,000;-0,005;0,006;12,850;0,000;0,000;-0,005;0,006
;;;;;;;;;;;;;;;;;;;;;;;;;;;;;;12,900;-0,017;0,017;-0,005;0,006;12,900;-0,035;0,000;-0,006;0,006;12,900;0,122;0,000;-0,005;0,006;12,900;0,035;0,000;-0,005;0,006
;;;;;;;;;;;;;;;;;;;;;;;;;;;;;;12,950;-0,017;0,017;-0,005;0,006;12,950;-0,052;0,000;-0,005;0,006;12,950;0,105;0,000;-0,005;0,006;12,950;0,052;0,000;-0,005;0,006
;;;;;;;;;;;;;;;;;;;;;;;;;;;;;;13,000;0,000;0,017;-0,005;0,006;13,000;-0,070;0,000;-0,005;0,006;13,000;0,087;0,000;-0,005;0,006;13,000;0,070;0,000;-0,005;0,006
;;;;;;;;;;;;;;;;;;;;;;;;;;;;;;13,050;0,000;0,017;-0,005;0,006;13,050;-0,070;0,000;-0,005;0,006;13,050;0,052;0,000;-0,005;0,006;13,050;0,070;0,000;-0,005;0,006
;;;;;;;;;;;;;;;;;;;;;;;;;;;;;;13,100;0,017;0,017;-0,005;0,006;13,100;-0,070;0,000;-0,005;0,006;13,100;0,035;0,000;-0,006;0,006;13,100;0,052;0,000;-0,005;0,006
;;;;;;;;;;;;;;;;;;;;;;;;;;;;;;13,150;0,017;0,017;-0,005;0,006;13,150;-0,070;0,000;-0,005;0,006;13,150;0,000;0,000;-0,005;0,006;13,150;0,052;0,000;-0,005;0,006
;;;;;;;;;;;;;;;;;;;;;;;;;;;;;;13,200;0,017;0,017;-0,005;0,006;13,200;-0,052;0,000;-0,005;0,006;13,200;-0,017;0,000;-0,005;0,006;13,200;0,035;0,000;-0,005;0,006
;;;;;;;;;;;;;;;;;;;;;;;;;;;;;;13,250;0,017;0,017;-0,005;0,006;13,250;-0,052;0,000;-0,005;0,006;13,250;-0,035;0,000;-0,005;0,006;13,250;0,017;0,000;-0,005;0,006
;;;;;;;;;;;;;;;;;;;;;;;;;;;;;;13,300;0,017;0,017;-0,005;0,006;13,300;-0,035;0,000;-0,005;0,006;13,300;-0,052;0,000;-0,005;0,006;13,300;0,017;0,000;-0,005;0,006
;;;;;;;;;;;;;;;;;;;;;;;;;;;;;;13,350;0,017;0,017;-0,005;0,006;13,350;-0,035;0,000;-0,005;0,006;13,350;-0,070;0,000;-0,005;0,006;13,350;0,000;0,000;-0,005;0,006
;;;;;;;;;;;;;;;;;;;;;;;;;;;;;;13,400;0,000;0,017;-0,005;0,006;13,400;-0,017;0,000;-0,005;0,006;13,400;-0,070;0,000;-0,005;0,006;13,400;0,000;0,000;-0,005;0,006
;;;;;;;;;;;;;;;;;;;;;;;;;;;;;;13,450;0,000;0,017;-0,005;0,006;13,450;-0,017;0,000;-0,005;0,006;13,450;-0,070;0,000;-0,005;0,006;13,450;0,000;0,000;-0,005;0,006
;;;;;;;;;;;;;;;;;;;;;;;;;;;;;;13,500;0,000;0,017;-0,005;0,006;13,500;-0,017;0,000;-0,005;0,006;13,500;-0,052;0,000;-0,005;0,006;13,500;0,000;0,000;-0,005;0,006
;;;;;;;;;;;;;;;;;;;;;;;;;;;;;;13,550;0,000;0,017;-0,005;0,006;13,550;-0,017;0,000;-0,005;0,006;13,550;-0,035;0,000;-0,005;0,006;13,550;0,000;0,000;-0,005;0,006
;;;;;;;;;;;;;;;;;;;;;;;;;;;;;;13,600;0,000;0,017;-0,005;0,006;13,600;-0,017;0,000;-0,005;0,006;13,600;-0,035;0,000;-0,005;0,006;13,600;0,000;0,000;-0,005;0,006
;;;;;;;;;;;;;;;;;;;;;;;;;;;;;;13,650;0,000;0,017;-0,005;0,006;13,650;-0,017;0,000;-0,005;0,006;13,650;-0,017;0,000;-0,005;0,006;13,650;0,000;0,000;-0,005;0,006
;;;;;;;;;;;;;;;;;;;;;;;;;;;;;;13,700;0,000;0,017;-0,005;0,006;13,700;-0,017;0,000;-0,005;0,006;13,700;0,000;0,000;-0,005;0,006;13,700;0,000;0,000;-0,005;0,006
;;;;;;;;;;;;;;;;;;;;;;;;;;;;;;13,750;0,000;0,017;-0,005;0,006;13,750;-0,017;0,000;-0,005;0,006;13,750;0,017;0,000;-0,005;0,006;13,750;0,017;0,000;-0,005;0,006
;;;;;;;;;;;;;;;;;;;;;;;;;;;;;;13,800;0,000;0,017;-0,005;0,006;13,800;-0,035;0,000;-0,005;0,006;13,800;0,035;0,000;-0,005;0,006;13,800;0,017;0,000;-0,005;0,006
;;;;;;;;;;;;;;;;;;;;;;;;;;;;;;13,850;0,000;0,017;-0,005;0,006;13,850;-0,035;0,000;-0,005;0,006;13,850;0,035;0,000;-0,005;0,006;13,850;0,017;0,000;-0,005;0,006
;;;;;;;;;;;;;;;;;;;;;;;;;;;;;;13,900;;;-0,005;0,006;13,900;-0,035;0,000;-0,005;0,006;13,900;0,035;0,000;-0,005;0,006;13,900;0,017;0,000;-0,005;0,006
;;;;;;;;;;;;;;;;;;;;;;;;;;;;;;;;;;;13,950;-0,035;0,000;-0,005;0,006;13,950;0,035;0,000;-0,005;0,006;13,950;0,017;0,000;-0,005;0,006
;;;;;;;;;;;;;;;;;;;;;;;;;;;;;;;;;;;14,000;-0,035;0,000;-0,005;0,006;14,000;0,035;0,000;-0,005;0,006;14,000;0,017;0,000;-0,005;0,006
;;;;;;;;;;;;;;;;;;;;;;;;;;;;;;;;;;;14,050;-0,035;0,000;-0,006;0,006;14,050;0,017;0,000;-0,005;0,006;14,050;0,017;0,000;-0,005;0,006
;;;;;;;;;;;;;;;;;;;;;;;;;;;;;;;;;;;14,100;-0,035;0,000;-0,005;0,006;14,100;0,017;0,000;-0,005;0,006;14,100;0,017;0,000;-0,005;0,006
;;;;;;;;;;;;;;;;;;;;;;;;;;;;;;;;;;;;;;;;14,150;0,000;0,000;-0,006;0,006;14,150;0,017;0,000;-0,005;0,006
;;;;;;;;;;;;;;;;;;;;;;;;;;;;;;;;;;;;;;;;14,200;0,000;0,000;-0,006;0,006;14,200;0,017;0,000;-0,005;0,006
;;;;;;;;;;;;;;;;;;;;;;;;;;;;;;;;;;;;;;;;14,250;0,000;0,000;-0,006;0,006;14,250;0,017;0,000;-0,005;0,006
;;;;;;;;;;;;;;;;;;;;;;;;;;;;;;;;;;;;;;;;14,300;-0,017;0,000;-0,005;0,006;14,300;0,017;0,000;-0,005;0,006
;;;;;;;;;;;;;;;;;;;;;;;;;;;;;;;;;;;;;;;;14,350;-0,017;0,000;-0,005;0,006;14,350;0,000;0,000;-0,005;0,006
;;;;;;;;;;;;;;;;;;;;;;;;;;;;;;;;;;;;;;;;14,400;-0,017;0,000;-0,005;0,006;14,400;0,000;0,000;-0,005;0,006
;;;;;;;;;;;;;;;;;;;;;;;;;;;;;;;;;;;;;;;;14,450;-0,017;0,000;-0,005;0,006;14,450;0,000;0,000;-0,005;0,006
;;;;;;;;;;;;;;;;;;;;;;;;;;;;;;;;;;;;;;;;14,500;0,000;0,000;-0,005;0,006;14,500;0,000;0,000;-0,005;0,006
;;;;;;;;;;;;;;;;;;;;;;;;;;;;;;;;;;;;;;;;14,550;0,000;0,000;-0,005;0,006;14,550;;;-0,005;0,006
;;;;;;;;;;;;;;;;;;;;;;;;;;;;;;;;;;;;;;;;14,600;0,000;0,000;-0,005;0,006;;;;;
;;;;;;;;;;;;;;;;;;;;;;;;;;;;;;;;;;;;;;;;14,650;0,000;0,000;-0,005;0,006;;;;;
;;;;;;;;;;;;;;;;;;;;;;;;;;;;;;;;;;;;;;;;14,700;0,017;0,000;-0,005;0,006;;;;;
;;;;;;;;;;;;;;;;;;;;;;;;;;;;;;;;;;;;;;;;14,750;0,017;0,000;-0,005;0,006;;;;;
;;;;;;;;;;;;;;;;;;;;;;;;;;;;;;;;;;;;;;;;14,800;0,017;0,000;-0,005;0,006;;;;;
;;;;;;;;;;;;;;;;;;;;;;;;;;;;;;;;;;;;;;;;14,850;0,000;0,000;-0,006;0,006;;;;;
;;;;;;;;;;;;;;;;;;;;;;;;;;;;;;;;;;;;;;;;14,900;0,000;0,000;-0,005;0,006;;;;;
